ch,CF,PW,BW,ID,offset,exponent,error,r_squared,sub_id,timestamp,nr_intepolated_channels,nr_dropped_ica,nr_retained_epochs,nr_retained_ica
E1,7.897760960844642,0.5231104539567131,1.6142473697331314,0,-9.390391210855215,1.0825459785083142,0.035747362135305834,0.9881460662855924,101,2024-06-26 01:56:15.890768,2,6,76,16
E1,9.6351452501954,0.530785216705814,2.6298769890436313,0,-9.390391210855215,1.0825459785083142,0.035747362135305834,0.9881460662855924,101,2024-06-26 01:56:15.890768,2,6,76,16
E1,13.997747637614138,0.3103500433992039,5.99791715045957,0,-9.390391210855215,1.0825459785083142,0.035747362135305834,0.9881460662855924,101,2024-06-26 01:56:15.890768,2,6,76,16
E2,7.7946107546685965,0.4537439993975543,1.510116174840605,1,-9.490078876937188,1.0113791063345754,0.028806296223502077,0.9912122853413813,101,2024-06-26 01:56:15.890768,2,6,76,16
E2,9.53941077779212,0.4665756263148957,2.5657622798832445,1,-9.490078876937188,1.0113791063345754,0.028806296223502077,0.9912122853413813,101,2024-06-26 01:56:15.890768,2,6,76,16
E2,13.896615879386026,0.27649154580408997,5.85531842734805,1,-9.490078876937188,1.0113791063345754,0.028806296223502077,0.9912122853413813,101,2024-06-26 01:56:15.890768,2,6,76,16
E3,8.762798507805337,0.4898412192860011,2.8171848726966475,2,-9.54913573884057,0.9493779748434957,0.03173483306759564,0.9884647095086712,101,2024-06-26 01:56:15.890768,2,6,76,16
E3,13.645400947524914,0.26087986775038274,5.999999999999998,2,-9.54913573884057,0.9493779748434957,0.03173483306759564,0.9884647095086712,101,2024-06-26 01:56:15.890768,2,6,76,16
E4,7.215961634050319,0.3138468965250514,1.0276775685694786,3,-9.573526540445213,0.9481187340113171,0.02619434136410632,0.9910745710054086,101,2024-06-26 01:56:15.890768,2,6,76,16
E4,8.228361254343392,0.45634936191973097,1.5173824868006172,3,-9.573526540445213,0.9481187340113171,0.02619434136410632,0.9910745710054086,101,2024-06-26 01:56:15.890768,2,6,76,16
E4,9.86037600905152,0.40386414170069784,2.4696217489127275,3,-9.573526540445213,0.9481187340113171,0.02619434136410632,0.9910745710054086,101,2024-06-26 01:56:15.890768,2,6,76,16
E4,14.178808557180618,0.2473793820969572,5.999987117583715,3,-9.573526540445213,0.9481187340113171,0.02619434136410632,0.9910745710054086,101,2024-06-26 01:56:15.890768,2,6,76,16
E5,7.828577822166069,0.4449970980741771,1.6788145006482942,4,-9.623414931964124,0.9475030835615303,0.028275383417178678,0.9902880726362552,101,2024-06-26 01:56:15.890768,2,6,76,16
E5,9.670246668524706,0.4227716306467695,2.792792452917764,4,-9.623414931964124,0.9475030835615303,0.028275383417178678,0.9902880726362552,101,2024-06-26 01:56:15.890768,2,6,76,16
E5,14.471499628457455,0.2614455848079764,5.999999047592211,4,-9.623414931964124,0.9475030835615303,0.028275383417178678,0.9902880726362552,101,2024-06-26 01:56:15.890768,2,6,76,16
E6,7.83276540436209,0.45075507961402295,1.7594247633679028,5,-9.654315073671887,0.9582204638632348,0.025782223507070847,0.9919504604497491,101,2024-06-26 01:56:15.890768,2,6,76,16
E6,9.704982442266523,0.4108657636313797,2.933934323323479,5,-9.654315073671887,0.9582204638632348,0.025782223507070847,0.9919504604497491,101,2024-06-26 01:56:15.890768,2,6,76,16
E6,14.825543293832588,0.26860957411773256,5.999999999998949,5,-9.654315073671887,0.9582204638632348,0.025782223507070847,0.9919504604497491,101,2024-06-26 01:56:15.890768,2,6,76,16
E7,7.877243898450118,0.4627666421699157,1.8483245835489328,6,-9.72236738358461,0.9706205947361289,0.027459982498547482,0.9914123768671346,101,2024-06-26 01:56:15.890768,2,6,76,16
E7,9.797821181220705,0.40832984390975646,3.0300502413557533,6,-9.72236738358461,0.9706205947361289,0.027459982498547482,0.9914123768671346,101,2024-06-26 01:56:15.890768,2,6,76,16
E7,14.907194884927078,0.277261990949361,5.9999999999006945,6,-9.72236738358461,0.9706205947361289,0.027459982498547482,0.9914123768671346,101,2024-06-26 01:56:15.890768,2,6,76,16
E8,7.857219106941026,0.4223734738767284,1.7505817121566851,7,-10.178354485081568,0.96424998117718,0.028377730058399574,0.9905061622684698,101,2024-06-26 01:56:15.890768,2,6,76,16
E8,9.71135522420904,0.39173742309218085,3.067492649001537,7,-10.178354485081568,0.96424998117718,0.028377730058399574,0.9905061622684698,101,2024-06-26 01:56:15.890768,2,6,76,16
E8,15.071907300123636,0.2766341594810644,5.9999999999999725,7,-10.178354485081568,0.96424998117718,0.028377730058399574,0.9905061622684698,101,2024-06-26 01:56:15.890768,2,6,76,16
E9,9.430917426981999,0.25761231134633,3.7246047267516804,8,-10.68131814550148,0.7317598851334383,0.03928925502651351,0.9686838760385935,101,2024-06-26 01:56:15.890768,2,6,76,16
E10,7.829562861505538,0.44118388798274033,1.6141532167394306,9,-9.51127316353407,0.9365869636107428,0.027562972476799175,0.9907870980536025,101,2024-06-26 01:56:15.890768,2,6,76,16
E10,9.652189094295343,0.4313032511212942,2.627180463892979,9,-9.51127316353407,0.9365869636107428,0.027562972476799175,0.9907870980536025,101,2024-06-26 01:56:15.890768,2,6,76,16
E10,14.152889624036549,0.2727999345586998,5.960794289722216,9,-9.51127316353407,0.9365869636107428,0.027562972476799175,0.9907870980536025,101,2024-06-26 01:56:15.890768,2,6,76,16
E10,27.47073814093108,0.12214086292713411,3.943066236462904,9,-9.51127316353407,0.9365869636107428,0.027562972476799175,0.9907870980536025,101,2024-06-26 01:56:15.890768,2,6,76,16
E11,7.893189305623332,0.40526435199970834,1.6395244154325637,10,-9.554268269373416,0.825721208529586,0.02694628593816258,0.988885652783774,101,2024-06-26 01:56:15.890768,2,6,76,16
E11,9.720545333837029,0.35974594235685764,2.729231044938309,10,-9.554268269373416,0.825721208529586,0.02694628593816258,0.988885652783774,101,2024-06-26 01:56:15.890768,2,6,76,16
E11,14.588123921724408,0.21397007945593316,5.999999999972622,10,-9.554268269373416,0.825721208529586,0.02694628593816258,0.988885652783774,101,2024-06-26 01:56:15.890768,2,6,76,16
E12,7.8785187499167595,0.41422101062982186,1.706411936564336,11,-9.58232736789017,0.8587881874043113,0.025021116847860406,0.9905817194327124,101,2024-06-26 01:56:15.890768,2,6,76,16
E12,9.709957914950362,0.3612508832005954,2.8636019148107836,11,-9.58232736789017,0.8587881874043113,0.025021116847860406,0.9905817194327124,101,2024-06-26 01:56:15.890768,2,6,76,16
E12,14.71419576386142,0.22332545843668505,5.9999999751967446,11,-9.58232736789017,0.8587881874043113,0.025021116847860406,0.9905817194327124,101,2024-06-26 01:56:15.890768,2,6,76,16
E13,7.843951971807342,0.4329709912617794,1.7059350927269885,12,-9.599510342393883,0.8910930180571269,0.023439284557034656,0.9921562525730673,101,2024-06-26 01:56:15.890768,2,6,76,16
E13,9.650533636496476,0.38189685528891104,2.8363385132411496,12,-9.599510342393883,0.8910930180571269,0.023439284557034656,0.9921562525730673,101,2024-06-26 01:56:15.890768,2,6,76,16
E13,14.757917025596013,0.24160506437572948,5.9999999996202105,12,-9.599510342393883,0.8910930180571269,0.023439284557034656,0.9921562525730673,101,2024-06-26 01:56:15.890768,2,6,76,16
E14,8.64732550324435,0.4678230716713845,3.0408175528528307,13,-9.620610053714564,0.9437303331694353,0.03221111640341676,0.9882207760603474,101,2024-06-26 01:56:15.890768,2,6,76,16
E14,14.780834114300362,0.27525504968732406,5.999999999999999,13,-9.620610053714564,0.9437303331694353,0.03221111640341676,0.9882207760603474,101,2024-06-26 01:56:15.890768,2,6,76,16
E15,8.625369203376247,0.47786523713892315,3.2010007544030343,14,-9.58599120353316,1.0183010739414817,0.03349788261311201,0.9885557731288879,101,2024-06-26 01:56:15.890768,2,6,76,16
E15,14.95856220076676,0.28812162071745284,5.999999999999999,14,-9.58599120353316,1.0183010739414817,0.03349788261311201,0.9885557731288879,101,2024-06-26 01:56:15.890768,2,6,76,16
E16,8.73472000252734,0.47908861439854533,3.2973584946767476,15,-9.731417541216747,1.0110339448935357,0.037609161092173264,0.9859945543086154,101,2024-06-26 01:56:15.890768,2,6,76,16
E16,15.25445295219085,0.29115933326524157,5.999999999993725,15,-9.731417541216747,1.0110339448935357,0.037609161092173264,0.9859945543086154,101,2024-06-26 01:56:15.890768,2,6,76,16
E17,9.76098169124078,0.2924218989752134,4.720183857454058,16,-9.822954033640398,0.9388114773427946,0.04409663187629153,0.9752776800656109,101,2024-06-26 01:56:15.890768,2,6,76,16
E18,7.85083092088088,0.4139678035351384,1.6728955596829642,17,-9.574896339407447,0.8546633811229042,0.03156939055247614,0.9855700329100949,101,2024-06-26 01:56:15.890768,2,6,76,16
E18,9.676229501681016,0.3888092162783128,2.6893452397850846,17,-9.574896339407447,0.8546633811229042,0.03156939055247614,0.9855700329100949,101,2024-06-26 01:56:15.890768,2,6,76,16
E18,14.598345855612157,0.25147235680725366,5.999999999894193,17,-9.574896339407447,0.8546633811229042,0.03156939055247614,0.9855700329100949,101,2024-06-26 01:56:15.890768,2,6,76,16
E19,7.88953892305452,0.40572716302208356,1.717314356636314,18,-9.603397919437779,0.8356035508467838,0.026910809953562716,0.9881063311241897,101,2024-06-26 01:56:15.890768,2,6,76,16
E19,9.697162578786575,0.3483200825736166,2.825913526237456,18,-9.603397919437779,0.8356035508467838,0.026910809953562716,0.9881063311241897,101,2024-06-26 01:56:15.890768,2,6,76,16
E19,14.88976187159508,0.23081865314374284,5.999999999999431,18,-9.603397919437779,0.8356035508467838,0.026910809953562716,0.9881063311241897,101,2024-06-26 01:56:15.890768,2,6,76,16
E20,8.669683740796414,0.45945105347698245,3.053565816856879,19,-9.613511258434649,0.932479182185871,0.030331623813316496,0.9894272806747009,101,2024-06-26 01:56:15.890768,2,6,76,16
E20,14.82741143968424,0.26036117144331605,5.999999999999999,19,-9.613511258434649,0.932479182185871,0.030331623813316496,0.9894272806747009,101,2024-06-26 01:56:15.890768,2,6,76,16
E21,8.59413602828662,0.4686009989850515,3.06397359585267,20,-9.55050270830758,1.0156857181134515,0.03210342198420403,0.9894574070712705,101,2024-06-26 01:56:15.890768,2,6,76,16
E21,14.837139534941002,0.2675066065393672,5.999999999999999,20,-9.55050270830758,1.0156857181134515,0.03210342198420403,0.9894574070712705,101,2024-06-26 01:56:15.890768,2,6,76,16
E22,8.595014964629708,0.4727116151146813,3.104760234710311,21,-9.541984973756099,1.04863722503333,0.03500740138335978,0.9885925720998121,101,2024-06-26 01:56:15.890768,2,6,76,16
E22,14.832595504983138,0.27584046729201717,5.999999999999999,21,-9.541984973756099,1.04863722503333,0.03500740138335978,0.9885925720998121,101,2024-06-26 01:56:15.890768,2,6,76,16
E23,8.691748648404394,0.46687269289139977,3.200316009162986,22,-9.52799602738067,1.0747773228941133,0.03435025381477404,0.9883493389291874,101,2024-06-26 01:56:15.890768,2,6,76,16
E23,15.093887026145891,0.27383780427070725,5.9999999999997655,22,-9.52799602738067,1.0747773228941133,0.03435025381477404,0.9883493389291874,101,2024-06-26 01:56:15.890768,2,6,76,16
E24,9.098880706175299,0.3758735169180252,3.1446501175669077,23,-9.922193241109625,0.8651150492931917,0.03713583766404875,0.9801636786395128,101,2024-06-26 01:56:15.890768,2,6,76,16
E24,15.664213270765861,0.13220403107547973,5.999999999999999,23,-9.922193241109625,0.8651150492931917,0.03713583766404875,0.9801636786395128,101,2024-06-26 01:56:15.890768,2,6,76,16
E25,7.949406411860153,0.44652996636837017,1.918675541619494,24,-9.590045719821596,0.9633304978157913,0.028461527683628463,0.9903643260766374,101,2024-06-26 01:56:15.890768,2,6,76,16
E25,10.013886421917505,0.36148557977558404,2.5843661377180034,24,-9.590045719821596,0.9633304978157913,0.028461527683628463,0.9903643260766374,101,2024-06-26 01:56:15.890768,2,6,76,16
E25,14.819959645300392,0.2576115974151971,5.999999999971723,24,-9.590045719821596,0.9633304978157913,0.028461527683628463,0.9903643260766374,101,2024-06-26 01:56:15.890768,2,6,76,16
E26,8.677121903552239,0.46244157002632313,3.084398872027362,25,-9.655378412465101,0.9351578022491158,0.033147633959531325,0.9885611940613562,101,2024-06-26 01:56:15.890768,2,6,76,16
E26,14.907751522880854,0.25896536906996737,5.999999999999999,25,-9.655378412465101,0.9351578022491158,0.033147633959531325,0.9885611940613562,101,2024-06-26 01:56:15.890768,2,6,76,16
E27,8.689769907945237,0.47333854606811876,3.050114232053323,26,-9.535487588255068,1.0533038567993638,0.032376797951930734,0.9905653147248423,101,2024-06-26 01:56:15.890768,2,6,76,16
E27,15.06932707299849,0.2708264800199789,5.999999999999998,26,-9.535487588255068,1.0533038567993638,0.032376797951930734,0.9905653147248423,101,2024-06-26 01:56:15.890768,2,6,76,16
E28,8.098081755413206,0.4865904863091437,1.5087429423117877,27,-9.587173424833551,1.0361715464592736,0.03172415937689869,0.9892637083975955,101,2024-06-26 01:56:15.890768,2,6,76,16
E28,9.189167500906203,0.41530009228082676,3.7781672365696117,27,-9.587173424833551,1.0361715464592736,0.03172415937689869,0.9892637083975955,101,2024-06-26 01:56:15.890768,2,6,76,16
E28,15.448568865472584,0.2572840198335484,5.999999999999999,27,-9.587173424833551,1.0361715464592736,0.03172415937689869,0.9892637083975955,101,2024-06-26 01:56:15.890768,2,6,76,16
E29,8.715448650925815,0.4479069208684816,3.1773405656933904,28,-9.553195695049016,1.0474324591141135,0.03315920837310705,0.9887812891689133,101,2024-06-26 01:56:15.890768,2,6,76,16
E29,14.830969151262957,0.25883775792926755,5.999999999999999,28,-9.553195695049016,1.0474324591141135,0.03315920837310705,0.9887812891689133,101,2024-06-26 01:56:15.890768,2,6,76,16
E30,8.800214684082313,0.39331240229603104,2.7279711830277167,29,-9.904798836681747,0.8779364970522165,0.03597171415358121,0.9817360043993715,101,2024-06-26 01:56:15.890768,2,6,76,16
E30,12.907231333753428,0.15573106624419175,5.536485708289877,29,-9.904798836681747,0.8779364970522165,0.03597171415358121,0.9817360043993715,101,2024-06-26 01:56:15.890768,2,6,76,16
E30,19.242164749237467,0.1042408047393284,5.999999999999999,29,-9.904798836681747,0.8779364970522165,0.03597171415358121,0.9817360043993715,101,2024-06-26 01:56:15.890768,2,6,76,16
E31,7.734167051854325,0.5400465486645416,1.817516620832552,30,-9.752127470870686,1.0981636590598365,0.022110788544899687,0.996085345772907,101,2024-06-26 01:56:15.890768,2,6,76,16
E31,9.405140803504999,0.49239978314715316,2.913183306135459,30,-9.752127470870686,1.0981636590598365,0.022110788544899687,0.996085345772907,101,2024-06-26 01:56:15.890768,2,6,76,16
E31,14.905730077692057,0.3351932656150467,5.808256364931177,30,-9.752127470870686,1.0981636590598365,0.022110788544899687,0.996085345772907,101,2024-06-26 01:56:15.890768,2,6,76,16
E32,8.704315382828641,0.4767646653044526,3.1290044593831747,31,-9.738606853980713,0.9277902163213376,0.03279708386946648,0.9888598004949372,101,2024-06-26 01:56:15.890768,2,6,76,16
E32,15.115060430059884,0.26710096922033877,5.999999999999999,31,-9.738606853980713,0.9277902163213376,0.03279708386946648,0.9888598004949372,101,2024-06-26 01:56:15.890768,2,6,76,16
E33,8.705361361636838,0.4683044037326276,3.125357590669878,32,-9.654643825140486,0.9923993502448771,0.03396753687650513,0.9882260626848043,101,2024-06-26 01:56:15.890768,2,6,76,16
E33,15.06824730384329,0.2646336255460664,5.999999999999999,32,-9.654643825140486,0.9923993502448771,0.03396753687650513,0.9882260626848043,101,2024-06-26 01:56:15.890768,2,6,76,16
E34,8.090972396535731,0.45511808580449653,1.5794575208401973,33,-9.659563656505409,1.0049992104831231,0.029821239798888195,0.9897619563583963,101,2024-06-26 01:56:15.890768,2,6,76,16
E34,9.22722185949055,0.41469585030715095,3.5524638844025334,33,-9.659563656505409,1.0049992104831231,0.029821239798888195,0.9897619563583963,101,2024-06-26 01:56:15.890768,2,6,76,16
E34,15.374660608030682,0.24708286562428938,5.999999999999999,33,-9.659563656505409,1.0049992104831231,0.029821239798888195,0.9897619563583963,101,2024-06-26 01:56:15.890768,2,6,76,16
E35,8.802931433776138,0.4515341396097927,3.1535681161570297,34,-9.717217830157429,0.9868618094229384,0.035114984219235736,0.9866237722700899,101,2024-06-26 01:56:15.890768,2,6,76,16
E35,15.242228691230782,0.2489933010480634,5.999999999999999,34,-9.717217830157429,0.9868618094229384,0.035114984219235736,0.9866237722700899,101,2024-06-26 01:56:15.890768,2,6,76,16
E36,8.333144033076568,0.4127689915243913,1.9290889274428995,35,-9.850705022561545,0.910373623612976,0.03177479247312147,0.9856552848813885,101,2024-06-26 01:56:15.890768,2,6,76,16
E36,9.910196544266018,0.31541375683354467,4.015319836448695,35,-9.850705022561545,0.910373623612976,0.03177479247312147,0.9856552848813885,101,2024-06-26 01:56:15.890768,2,6,76,16
E36,16.36662120447591,0.15394727911713701,5.999999999999999,35,-9.850705022561545,0.910373623612976,0.03177479247312147,0.9856552848813885,101,2024-06-26 01:56:15.890768,2,6,76,16
E37,8.698773868495625,0.4725694835653549,3.124798481261844,36,-9.708916240188575,0.9635026308954964,0.03110558619883356,0.9898170707673704,101,2024-06-26 01:56:15.890768,2,6,76,16
E37,15.235179183756534,0.27334991318755364,5.999999999999999,36,-9.708916240188575,0.9635026308954964,0.03110558619883356,0.9898170707673704,101,2024-06-26 01:56:15.890768,2,6,76,16
E38,8.10072268308757,0.46369696662404536,1.5773608147699723,37,-9.72783163765334,0.9837960257166457,0.030397418965576038,0.9892314724196065,101,2024-06-26 01:56:15.890768,2,6,76,16
E38,9.249475274188752,0.41904660813712624,3.668694269790083,37,-9.72783163765334,0.9837960257166457,0.030397418965576038,0.9892314724196065,101,2024-06-26 01:56:15.890768,2,6,76,16
E38,15.55329115253918,0.25019335598007153,5.999999999999999,37,-9.72783163765334,0.9837960257166457,0.030397418965576038,0.9892314724196065,101,2024-06-26 01:56:15.890768,2,6,76,16
E39,8.226021375493021,0.4269258971812544,1.5630149357108827,38,-9.763663353076593,0.9467483448355611,0.03148758066699371,0.9863782843369518,101,2024-06-26 01:56:15.890768,2,6,76,16
E39,9.32969452483383,0.37439866678839984,3.5644689698970398,38,-9.763663353076593,0.9467483448355611,0.03148758066699371,0.9863782843369518,101,2024-06-26 01:56:15.890768,2,6,76,16
E39,15.299667366523908,0.19121649267484564,5.999999999999999,38,-9.763663353076593,0.9467483448355611,0.03148758066699371,0.9863782843369518,101,2024-06-26 01:56:15.890768,2,6,76,16
E40,8.24481302429046,0.3892842837206807,1.7327623478972016,39,-9.861092808236936,0.9008587887675275,0.0325692228264978,0.9839584738028399,101,2024-06-26 01:56:15.890768,2,6,76,16
E40,9.683785768535396,0.34301905529218146,3.771135011241374,39,-9.861092808236936,0.9008587887675275,0.0325692228264978,0.9839584738028399,101,2024-06-26 01:56:15.890768,2,6,76,16
E40,16.24613875070701,0.1528158152423913,5.999999999999999,39,-9.861092808236936,0.9008587887675275,0.0325692228264978,0.9839584738028399,101,2024-06-26 01:56:15.890768,2,6,76,16
E41,9.509056645385355,0.33032804964775764,3.9504860234613868,40,-9.932073459893196,0.8286174238715803,0.04753344274952235,0.9673495255276942,101,2024-06-26 01:56:15.890768,2,6,76,16
E42,9.514685617554683,0.33515173082310845,3.5291515735803207,41,-9.926168910617406,0.8395252489507331,0.04724992356937408,0.9671043187588068,101,2024-06-26 01:56:15.890768,2,6,76,16
E43,9.464351840980687,0.33545023450909106,3.512053503577375,42,-9.940870973036368,0.8272437818710292,0.043073163048167815,0.970310010240679,101,2024-06-26 01:56:15.890768,2,6,76,16
E44,9.452257607539691,0.358548389716983,3.5309875004733375,43,-9.928080258281282,0.8330824010406177,0.04170722276909401,0.9734681660771681,101,2024-06-26 01:56:15.890768,2,6,76,16
E45,8.718155537206789,0.435110855169345,2.7379006923841205,44,-10.040689576491756,1.0047565815604962,0.038937284400651015,0.9842019773469904,101,2024-06-26 01:56:15.890768,2,6,76,16
E45,13.063264094565247,0.15629209795192445,5.999999999999999,44,-10.040689576491756,1.0047565815604962,0.038937284400651015,0.9842019773469904,101,2024-06-26 01:56:15.890768,2,6,76,16
E46,8.21314270675861,0.43812947042471784,1.685481041164985,45,-9.796705439322192,0.9509023430502287,0.029996580234207457,0.9882692665796806,101,2024-06-26 01:56:15.890768,2,6,76,16
E46,9.46161821045403,0.3743471474726068,4.071737696031365,45,-9.796705439322192,0.9509023430502287,0.029996580234207457,0.9882692665796806,101,2024-06-26 01:56:15.890768,2,6,76,16
E46,16.119776701911672,0.22430644317550374,5.999999999999999,45,-9.796705439322192,0.9509023430502287,0.029996580234207457,0.9882692665796806,101,2024-06-26 01:56:15.890768,2,6,76,16
E47,8.352939192503303,0.4153515253927136,1.740860536805211,46,-9.840735600931609,0.906078912557179,0.02843309004797509,0.9879682876112953,101,2024-06-26 01:56:15.890768,2,6,76,16
E47,9.556599094723875,0.3384615246077587,3.8792437278182024,46,-9.840735600931609,0.906078912557179,0.02843309004797509,0.9879682876112953,101,2024-06-26 01:56:15.890768,2,6,76,16
E47,16.102983599398453,0.1678829087132776,5.999999999999999,46,-9.840735600931609,0.906078912557179,0.02843309004797509,0.9879682876112953,101,2024-06-26 01:56:15.890768,2,6,76,16
E48,9.571055256168018,0.3167364888945823,4.11063072227503,47,-9.929610154679494,0.8214245079404261,0.04746138532838174,0.9666529626003284,101,2024-06-26 01:56:15.890768,2,6,76,16
E49,9.298808282462685,0.33969510986406704,3.1936333917522983,48,-9.917616615632927,0.8289138846373906,0.04267243590849987,0.9734761960743332,101,2024-06-26 01:56:15.890768,2,6,76,16
E49,15.664213270765863,0.08807047949842861,5.999999999999999,48,-9.917616615632927,0.8289138846373906,0.04267243590849987,0.9734761960743332,101,2024-06-26 01:56:15.890768,2,6,76,16
E50,9.600407429543846,0.321847319403064,3.7892688280628115,49,-9.914021018261405,0.8230382177164125,0.0429043448978115,0.9705704283045407,101,2024-06-26 01:56:15.890768,2,6,76,16
E51,8.470879838703446,0.33105850684438565,2.0439173311391854,50,-9.865348028964268,0.8520059487528017,0.04151858061779533,0.9721186791998466,101,2024-06-26 01:56:15.890768,2,6,76,16
E51,10.627151427693512,0.25306401097930653,3.3508683628217146,50,-9.865348028964268,0.8520059487528017,0.04151858061779533,0.9721186791998466,101,2024-06-26 01:56:15.890768,2,6,76,16
E52,9.454953332701384,0.351281496952522,3.526378814892405,51,-9.80666906901356,0.881200658027189,0.04022874772533426,0.9764696884261366,101,2024-06-26 01:56:15.890768,2,6,76,16
E53,8.90769898703213,0.4415442454858507,2.911180875901622,52,-9.65420111646878,0.9403997527423296,0.03563592305228574,0.984693404165212,101,2024-06-26 01:56:15.890768,2,6,76,16
E53,13.306734099479216,0.12057503335846143,5.999999999999999,52,-9.65420111646878,0.9403997527423296,0.03563592305228574,0.984693404165212,101,2024-06-26 01:56:15.890768,2,6,76,16
E54,9.180267799093219,0.2930594526471122,3.8118838182637487,53,-9.915009159729001,0.7909133630891068,0.041331897786117525,0.972959829361565,101,2024-06-26 01:56:15.890768,2,6,76,16
E55,9.532549365140063,0.31377016438202965,3.986603389522384,54,-9.933746204529335,0.811355116301012,0.045063897383933016,0.9676515749436888,101,2024-06-26 01:56:15.890768,2,6,76,16
E56,9.317852380915022,0.3367312990988083,3.2861215372340378,55,-9.900807715009089,0.8281156924951426,0.04463658821542217,0.9709751915899979,101,2024-06-26 01:56:15.890768,2,6,76,16
E56,15.664213270765213,0.07777037088657401,5.999999999999999,55,-9.900807715009089,0.8281156924951426,0.04463658821542217,0.9709751915899979,101,2024-06-26 01:56:15.890768,2,6,76,16
E57,8.61665683036126,0.3393148481885273,2.2254365279620054,56,-9.867929798913861,0.8407438592603517,0.04129972038892677,0.971859722521425,101,2024-06-26 01:56:15.890768,2,6,76,16
E57,11.029328719350206,0.20752177976978636,3.971122775778468,56,-9.867929798913861,0.8407438592603517,0.04129972038892677,0.971859722521425,101,2024-06-26 01:56:15.890768,2,6,76,16
E58,8.428036536122011,0.3441538094632861,2.022616191357422,57,-9.813631804259812,0.8672730341599302,0.03718851544460987,0.9769754346903428,101,2024-06-26 01:56:15.890768,2,6,76,16
E58,10.647390709029631,0.24274720285031037,3.3982050195764164,57,-9.813631804259812,0.8672730341599302,0.03718851544460987,0.9769754346903428,101,2024-06-26 01:56:15.890768,2,6,76,16
E59,9.456967183104243,0.35253157138912705,3.490971942574455,58,-9.797533212039271,0.8733477791801512,0.03764593951503616,0.9782728705538544,101,2024-06-26 01:56:15.890768,2,6,76,16
E60,8.78989683994421,0.4360670376907656,2.6665115868799325,59,-9.547171566427066,0.9602107041396285,0.032242509163094554,0.9873359856439637,101,2024-06-26 01:56:15.890768,2,6,76,16
E60,12.46097291166629,0.14578604610022694,5.523952917364676,59,-9.547171566427066,0.9602107041396285,0.032242509163094554,0.9873359856439637,101,2024-06-26 01:56:15.890768,2,6,76,16
E61,9.24997203635635,0.3257726812081625,3.307248898281974,60,-9.920696197004753,0.8096507085940682,0.046623986715651586,0.9661975860202101,101,2024-06-26 01:56:15.890768,2,6,76,16
E61,15.155027539178333,0.09096346086658791,5.999999999999999,60,-9.920696197004753,0.8096507085940682,0.046623986715651586,0.9661975860202101,101,2024-06-26 01:56:15.890768,2,6,76,16
E62,9.306212548031498,0.33543149311785925,3.3876113259415437,61,-9.89392355731635,0.8282968340436301,0.04832878911480302,0.9664632772240732,101,2024-06-26 01:56:15.890768,2,6,76,16
E62,15.155027539178324,0.08962013840845984,5.999999999999999,61,-9.89392355731635,0.8282968340436301,0.04832878911480302,0.9664632772240732,101,2024-06-26 01:56:15.890768,2,6,76,16
E63,9.362999787316385,0.3579705012313479,3.329828485207344,62,-9.813459803336984,0.8743020414332668,0.04289371465340361,0.9750615668637572,101,2024-06-26 01:56:15.890768,2,6,76,16
E63,15.664213270765872,0.07386858698688492,5.999999999999999,62,-9.813459803336984,0.8743020414332668,0.04289371465340361,0.9750615668637572,101,2024-06-26 01:56:15.890768,2,6,76,16
E64,8.425328219104468,0.3480643999227073,2.0246740763286266,63,-9.774532655135268,0.878646922237094,0.03692150077076252,0.9780820612652215,101,2024-06-26 01:56:15.890768,2,6,76,16
E64,10.669020695160128,0.2525672808482362,3.4181990888043146,63,-9.774532655135268,0.878646922237094,0.03692150077076252,0.9780820612652215,101,2024-06-26 01:56:15.890768,2,6,76,16
E65,9.326704174942137,0.3834037250377005,3.363507665613473,64,-9.59054676270187,0.8983204560856106,0.033285127919192206,0.9832253746577192,101,2024-06-26 01:56:15.890768,2,6,76,16
E66,8.90761061412002,0.4241626864961141,2.8236879737989353,65,-9.498774037474199,0.9558153169602857,0.03345831744803601,0.9861571448278192,101,2024-06-26 01:56:15.890768,2,6,76,16
E66,12.966493725745527,0.11520325493787809,5.999999999999999,65,-9.498774037474199,0.9558153169602857,0.03345831744803601,0.9861571448278192,101,2024-06-26 01:56:15.890768,2,6,76,16
E68,9.254169340372195,0.326853162671906,3.287263144427503,66,-9.866550082563682,0.8348840859908697,0.04853706262716558,0.9661909265938554,101,2024-06-26 01:56:15.890768,2,6,76,16
E68,15.155027539178262,0.08398418673533392,5.999999999999999,66,-9.866550082563682,0.8348840859908697,0.04853706262716558,0.9661909265938554,101,2024-06-26 01:56:15.890768,2,6,76,16
E69,9.25855654552299,0.36058298409183465,3.280786727776546,67,-9.762919785648583,0.9114017292746524,0.042328868567241065,0.9777222630354739,101,2024-06-26 01:56:15.890768,2,6,76,16
E69,14.936016587593938,0.09375131004547121,5.999999999999999,67,-9.762919785648583,0.9114017292746524,0.042328868567241065,0.9777222630354739,101,2024-06-26 01:56:15.890768,2,6,76,16
E70,8.373880033673933,0.39237268300121286,2.109414840258505,68,-9.519340398772506,0.9658888095534707,0.035114125737150045,0.9843397237939857,101,2024-06-26 01:56:15.890768,2,6,76,16
E70,10.85787616279138,0.2501683828895622,4.000070940105813,68,-9.519340398772506,0.9658888095534707,0.035114125737150045,0.9843397237939857,101,2024-06-26 01:56:15.890768,2,6,76,16
E71,9.37605398472646,0.39068454776124995,3.6693337500695895,69,-9.475925234919291,0.9519147087478521,0.036754168486004386,0.9826574328312229,101,2024-06-26 01:56:15.890768,2,6,76,16
E72,8.727219267888364,0.42572989035820186,2.5933573597494552,70,-9.47360173972258,0.9565621389217299,0.03009549954500379,0.9884946654860485,101,2024-06-26 01:56:15.890768,2,6,76,16
E72,12.148977497107232,0.14815945013220677,5.3093578305523526,70,-9.47360173972258,0.9565621389217299,0.03009549954500379,0.9884946654860485,101,2024-06-26 01:56:15.890768,2,6,76,16
E74,9.261014529835155,0.3821298267029576,3.4821430457949702,71,-9.41935617348003,1.0143531890060538,0.03969772025110809,0.9836794914377532,101,2024-06-26 01:56:15.890768,2,6,76,16
E74,15.664213270765872,0.09410337765507037,5.999999999999999,71,-9.41935617348003,1.0143531890060538,0.03969772025110809,0.9836794914377532,101,2024-06-26 01:56:15.890768,2,6,76,16
E75,8.92358908127523,0.4187726827970977,2.94944781389295,72,-9.405137090781974,1.013217580469248,0.035506647423356706,0.9864039926606796,101,2024-06-26 01:56:15.890768,2,6,76,16
E75,13.385008945046314,0.12890033537778756,5.999999999999999,72,-9.405137090781974,1.013217580469248,0.035506647423356706,0.9864039926606796,101,2024-06-26 01:56:15.890768,2,6,76,16
E76,8.036826925671345,0.4547080915572703,1.8820630470068183,73,-9.319720851541673,1.0691263185335396,0.03132293512012272,0.9905943452952869,101,2024-06-26 01:56:15.890768,2,6,76,16
E76,10.254578840384857,0.35221225404448475,3.271561998331049,73,-9.319720851541673,1.0691263185335396,0.03132293512012272,0.9905943452952869,101,2024-06-26 01:56:15.890768,2,6,76,16
E76,15.83445912147213,0.13798362799314567,5.999999886369642,73,-9.319720851541673,1.0691263185335396,0.03132293512012272,0.9905943452952869,101,2024-06-26 01:56:15.890768,2,6,76,16
E77,8.902803775001525,0.4903120986414482,3.1347376679333117,74,-9.317685155076376,1.076272030999438,0.03857534038563482,0.9869713306750433,101,2024-06-26 01:56:15.890768,2,6,76,16
E77,14.51090696033376,0.19183398941982333,5.999999999999999,74,-9.317685155076376,1.076272030999438,0.03857534038563482,0.9869713306750433,101,2024-06-26 01:56:15.890768,2,6,76,16
E78,8.0676496957812,0.4974522410900448,1.9788684611828757,75,-9.302720656408527,1.113265612009017,0.034122831150030654,0.9898625239855184,101,2024-06-26 01:56:15.890768,2,6,76,16
E78,10.35334500330611,0.36606850636889554,3.1860667172261157,75,-9.302720656408527,1.113265612009017,0.034122831150030654,0.9898625239855184,101,2024-06-26 01:56:15.890768,2,6,76,16
E78,15.631252946452584,0.1830017626199627,5.999999999999999,75,-9.302720656408527,1.113265612009017,0.034122831150030654,0.9898625239855184,101,2024-06-26 01:56:15.890768,2,6,76,16
E79,7.953173703031386,0.5442389656349,1.8785473025928816,76,-9.284809494964128,1.1636848153901689,0.03337379316085524,0.9911013607564507,101,2024-06-26 01:56:15.890768,2,6,76,16
E79,10.12115262956721,0.410095692906717,3.445736293304699,76,-9.284809494964128,1.1636848153901689,0.03337379316085524,0.9911013607564507,101,2024-06-26 01:56:15.890768,2,6,76,16
E79,15.6908475188451,0.2246503715170931,5.99999999999763,76,-9.284809494964128,1.1636848153901689,0.03337379316085524,0.9911013607564507,101,2024-06-26 01:56:15.890768,2,6,76,16
E80,8.005131104480816,0.5244458398857361,1.842703090651993,77,-9.409965815796232,1.1583603614124873,0.027742068201366033,0.993184077322569,101,2024-06-26 01:56:15.890768,2,6,76,16
E80,10.00592588686893,0.40198500284049565,3.3943871405053243,77,-9.409965815796232,1.1583603614124873,0.027742068201366033,0.993184077322569,101,2024-06-26 01:56:15.890768,2,6,76,16
E80,15.53940933395593,0.24323777177927397,5.9999999999895905,77,-9.409965815796232,1.1583603614124873,0.027742068201366033,0.993184077322569,101,2024-06-26 01:56:15.890768,2,6,76,16
E81,8.340596126780449,0.4032910214510359,1.5702819042547818,78,-9.67470833284586,1.172230879373675,0.025538412124075333,0.9931745834826111,101,2024-06-26 01:56:15.890768,2,6,76,16
E81,9.95513954497997,0.3344411761026542,3.3472723601317047,78,-9.67470833284586,1.172230879373675,0.025538412124075333,0.9931745834826111,101,2024-06-26 01:56:15.890768,2,6,76,16
E81,15.443262017379901,0.2064167481151884,5.999999999999999,78,-9.67470833284586,1.172230879373675,0.025538412124075333,0.9931745834826111,101,2024-06-26 01:56:15.890768,2,6,76,16
E83,8.502175412123933,0.4190998559068806,2.6423744050246842,79,-9.172161703480773,1.199591800724714,0.03422367677508118,0.9897313278339507,101,2024-06-26 01:56:15.890768,2,6,76,16
E83,12.31675079825923,0.26716642048024397,5.999999999999999,79,-9.172161703480773,1.199591800724714,0.03422367677508118,0.9897313278339507,101,2024-06-26 01:56:15.890768,2,6,76,16
E83,21.87069810646553,0.1265168299375521,5.999999999999999,79,-9.172161703480773,1.199591800724714,0.03422367677508118,0.9897313278339507,101,2024-06-26 01:56:15.890768,2,6,76,16
E84,7.949027256559167,0.44216857337636917,1.8676864637583563,80,-9.094597513236591,1.2406174879152576,0.028648685853960024,0.9928496353073403,101,2024-06-26 01:56:15.890768,2,6,76,16
E84,10.431876830587141,0.3707057920283283,3.608336089340321,80,-9.094597513236591,1.2406174879152576,0.028648685853960024,0.9928496353073403,101,2024-06-26 01:56:15.890768,2,6,76,16
E84,15.361914482488292,0.19216711276027354,5.999999999999999,80,-9.094597513236591,1.2406174879152576,0.028648685853960024,0.9928496353073403,101,2024-06-26 01:56:15.890768,2,6,76,16
E84,23.801226212480515,0.10302738152653568,5.999999999999999,80,-9.094597513236591,1.2406174879152576,0.028648685853960024,0.9928496353073403,101,2024-06-26 01:56:15.890768,2,6,76,16
E85,7.920403343448008,0.49281731347683255,1.878056992480902,81,-9.044592798630491,1.2660962249390812,0.029106732259260963,0.9927933658476319,101,2024-06-26 01:56:15.890768,2,6,76,16
E85,10.184656217461718,0.4126680983531781,3.284580608089433,81,-9.044592798630491,1.2660962249390812,0.029106732259260963,0.9927933658476319,101,2024-06-26 01:56:15.890768,2,6,76,16
E85,14.769787646010457,0.23645534778430566,5.999998963699585,81,-9.044592798630491,1.2660962249390812,0.029106732259260963,0.9927933658476319,101,2024-06-26 01:56:15.890768,2,6,76,16
E85,22.995635007843788,0.09709014254044135,5.999999999999996,81,-9.044592798630491,1.2660962249390812,0.029106732259260963,0.9927933658476319,101,2024-06-26 01:56:15.890768,2,6,76,16
E86,7.915875057780601,0.5127455231429696,1.9431856347171805,82,-9.092216226178738,1.2472401601839367,0.026696769779760838,0.9937065078614485,101,2024-06-26 01:56:15.890768,2,6,76,16
E86,10.215520448971068,0.4206434548878146,3.293777490315848,82,-9.092216226178738,1.2472401601839367,0.026696769779760838,0.9937065078614485,101,2024-06-26 01:56:15.890768,2,6,76,16
E86,14.936975339218886,0.2460514319516829,5.999999999999993,82,-9.092216226178738,1.2472401601839367,0.026696769779760838,0.9937065078614485,101,2024-06-26 01:56:15.890768,2,6,76,16
E86,22.96654906614943,0.10185887264145421,5.999999999999999,82,-9.092216226178738,1.2472401601839367,0.026696769779760838,0.9937065078614485,101,2024-06-26 01:56:15.890768,2,6,76,16
E87,8.609494452222835,0.5332785434767544,2.908835022470565,83,-9.142239672694414,1.2207751314348037,0.032190461421734144,0.9916918034661354,101,2024-06-26 01:56:15.890768,2,6,76,16
E87,13.25767550313784,0.2943776654185175,5.999999999999999,83,-9.142239672694414,1.2207751314348037,0.032190461421734144,0.9916918034661354,101,2024-06-26 01:56:15.890768,2,6,76,16
E87,21.276264966695773,0.11315147794726776,5.999999999999999,83,-9.142239672694414,1.2207751314348037,0.032190461421734144,0.9916918034661354,101,2024-06-26 01:56:15.890768,2,6,76,16
E88,8.053433466421577,0.5498818365845857,1.974784701971234,84,-9.14729877983342,1.22140743465911,0.03521032015540336,0.9907987530815062,101,2024-06-26 01:56:15.890768,2,6,76,16
E88,10.445182845763041,0.4057477882198448,4.006132131040418,84,-9.14729877983342,1.22140743465911,0.03521032015540336,0.9907987530815062,101,2024-06-26 01:56:15.890768,2,6,76,16
E88,16.344602381398996,0.23833175953010688,5.999999999999999,84,-9.14729877983342,1.22140743465911,0.03521032015540336,0.9907987530815062,101,2024-06-26 01:56:15.890768,2,6,76,16
E89,8.002472639455556,0.540760077111047,1.9205978759934481,85,-9.16508391123684,1.2378630131489383,0.035664293174941644,0.9907348558449,101,2024-06-26 01:56:15.890768,2,6,76,16
E89,10.245782605329614,0.42338282040979536,3.6285355208436187,85,-9.16508391123684,1.2378630131489383,0.035664293174941644,0.9907348558449,101,2024-06-26 01:56:15.890768,2,6,76,16
E89,15.860644718104984,0.25949004539583953,5.999999999999999,85,-9.16508391123684,1.2378630131489383,0.035664293174941644,0.9907348558449,101,2024-06-26 01:56:15.890768,2,6,76,16
E90,8.08195479753546,0.440974623809014,1.5216061285221858,86,-9.490574916144226,1.228662900697508,0.02747984119087297,0.9936773913658097,101,2024-06-26 01:56:15.890768,2,6,76,16
E90,9.920977082720277,0.37223329706418795,3.8086994444047,86,-9.490574916144226,1.228662900697508,0.02747984119087297,0.9936773913658097,101,2024-06-26 01:56:15.890768,2,6,76,16
E90,15.554638268075934,0.2736241492029077,5.999999999999999,86,-9.490574916144226,1.228662900697508,0.02747984119087297,0.9936773913658097,101,2024-06-26 01:56:15.890768,2,6,76,16
E93,9.952645583248621,0.3574000046682695,4.917150497483819,87,-9.138205290641762,1.1919977583342267,0.04424697149480055,0.9844275988495153,101,2024-06-26 01:56:15.890768,2,6,76,16
E93,17.991130977118676,0.14685866236956713,5.999999999999999,87,-9.138205290641762,1.1919977583342267,0.04424697149480055,0.9844275988495153,101,2024-06-26 01:56:15.890768,2,6,76,16
E94,8.310277384355764,0.3966938038117025,2.218094385529134,88,-9.098720532447185,1.2359022295437765,0.033504015999492744,0.9899574176473116,101,2024-06-26 01:56:15.890768,2,6,76,16
E94,11.87157299012437,0.2917451461043097,5.999999999999999,88,-9.098720532447185,1.2359022295437765,0.033504015999492744,0.9899574176473116,101,2024-06-26 01:56:15.890768,2,6,76,16
E94,21.42244252486576,0.1342020816853715,5.999999999999999,88,-9.098720532447185,1.2359022295437765,0.033504015999492744,0.9899574176473116,101,2024-06-26 01:56:15.890768,2,6,76,16
E95,7.889803056357407,0.40135374316020567,1.8012378464678114,89,-9.021985289085189,1.2843966498493917,0.028442997824221054,0.9928343962209663,101,2024-06-26 01:56:15.890768,2,6,76,16
E95,10.459749018016824,0.3737657251500064,3.8903893470593713,89,-9.021985289085189,1.2843966498493917,0.028442997824221054,0.9928343962209663,101,2024-06-26 01:56:15.890768,2,6,76,16
E95,15.837170175644209,0.19951690400831623,5.999999999999999,89,-9.021985289085189,1.2843966498493917,0.028442997824221054,0.9928343962209663,101,2024-06-26 01:56:15.890768,2,6,76,16
E95,23.986379492500284,0.11193348901402267,5.999999999999999,89,-9.021985289085189,1.2843966498493917,0.028442997824221054,0.9928343962209663,101,2024-06-26 01:56:15.890768,2,6,76,16
E96,7.9463769377927855,0.4505616353810957,1.8359056514846688,90,-8.993108101225504,1.3077193955110167,0.028559807053834332,0.9930850006149282,101,2024-06-26 01:56:15.890768,2,6,76,16
E96,10.516946810649983,0.38814648534483887,4.103228478749612,90,-8.993108101225504,1.3077193955110167,0.028559807053834332,0.9930850006149282,101,2024-06-26 01:56:15.890768,2,6,76,16
E96,16.090046274468317,0.21100658982548914,5.999999999999999,90,-8.993108101225504,1.3077193955110167,0.028559807053834332,0.9930850006149282,101,2024-06-26 01:56:15.890768,2,6,76,16
E96,24.241227810292656,0.10851689464302972,5.999999999999999,90,-8.993108101225504,1.3077193955110167,0.028559807053834332,0.9930850006149282,101,2024-06-26 01:56:15.890768,2,6,76,16
E97,7.930851726824961,0.45287664845792186,1.8460365385665432,91,-8.975219135726482,1.3245993716059252,0.026883011212856994,0.9935259548659132,101,2024-06-26 01:56:15.890768,2,6,76,16
E97,10.436991856321836,0.3924461732125053,3.5568853889012964,91,-8.975219135726482,1.3245993716059252,0.026883011212856994,0.9935259548659132,101,2024-06-26 01:56:15.890768,2,6,76,16
E97,15.290643130708213,0.23608821541030522,5.999999999999999,91,-8.975219135726482,1.3245993716059252,0.026883011212856994,0.9935259548659132,101,2024-06-26 01:56:15.890768,2,6,76,16
E97,23.536675011228244,0.108289370593738,5.999999999999999,91,-8.975219135726482,1.3245993716059252,0.026883011212856994,0.9935259548659132,101,2024-06-26 01:56:15.890768,2,6,76,16
E98,7.930700470423696,0.4618592472716898,1.8798753511715174,92,-8.992943477594382,1.321074547200188,0.027129719629916556,0.9935479158965882,101,2024-06-26 01:56:15.890768,2,6,76,16
E98,10.361054603271457,0.4029708502444844,3.369512309654573,92,-8.992943477594382,1.321074547200188,0.027129719629916556,0.9935479158965882,101,2024-06-26 01:56:15.890768,2,6,76,16
E98,14.913182384703573,0.25269784414282803,5.999999999999999,92,-8.992943477594382,1.321074547200188,0.027129719629916556,0.9935479158965882,101,2024-06-26 01:56:15.890768,2,6,76,16
E98,22.997105846274415,0.11475346496049532,5.999999999999999,92,-8.992943477594382,1.321074547200188,0.027129719629916556,0.9935479158965882,101,2024-06-26 01:56:15.890768,2,6,76,16
E99,7.926720308703777,0.46773072419657424,1.904516190736238,93,-8.97968518346116,1.3397577761313182,0.02713019853789942,0.9937076423384352,101,2024-06-26 01:56:15.890768,2,6,76,16
E99,10.43340247024373,0.41318122143665725,3.1423502680890345,93,-8.97968518346116,1.3397577761313182,0.02713019853789942,0.9937076423384352,101,2024-06-26 01:56:15.890768,2,6,76,16
E99,14.814535539928176,0.2657230185495276,5.999999999999999,93,-8.97968518346116,1.3397577761313182,0.02713019853789942,0.9937076423384352,101,2024-06-26 01:56:15.890768,2,6,76,16
E99,22.458777619287055,0.12224127858602074,5.999999999999999,93,-8.97968518346116,1.3397577761313182,0.02713019853789942,0.9937076423384352,101,2024-06-26 01:56:15.890768,2,6,76,16
E100,8.317440720815844,0.496333454786841,2.337883815033241,94,-9.025023027331635,1.3326974474148932,0.03455948989877027,0.9916825058382537,101,2024-06-26 01:56:15.890768,2,6,76,16
E100,12.084485731366527,0.37330781614259756,5.999999999999999,94,-9.025023027331635,1.3326974474148932,0.03455948989877027,0.9916825058382537,101,2024-06-26 01:56:15.890768,2,6,76,16
E100,19.56693239882378,0.16712331402825598,5.999999999999999,94,-9.025023027331635,1.3326974474148932,0.03455948989877027,0.9916825058382537,101,2024-06-26 01:56:15.890768,2,6,76,16
E101,10.322385751967175,0.5049094050499061,5.335960000257208,95,-8.87426724996299,1.4053248576318398,0.03617864959552775,0.9912326447494689,101,2024-06-26 01:56:15.890768,2,6,76,16
E101,17.282952377121767,0.26526427170891687,5.999999999999999,95,-8.87426724996299,1.4053248576318398,0.03617864959552775,0.9912326447494689,101,2024-06-26 01:56:15.890768,2,6,76,16
E103,8.301934221492708,0.3873459978650189,2.2838433791791357,96,-9.01506133062491,1.2796371913781002,0.03558196535065591,0.989960845753396,101,2024-06-26 01:56:15.890768,2,6,76,16
E103,12.054787372068398,0.3165753341756119,5.999999999999999,96,-9.01506133062491,1.2796371913781002,0.03558196535065591,0.989960845753396,101,2024-06-26 01:56:15.890768,2,6,76,16
E103,21.55136269634874,0.1592669757024936,5.999999999999999,96,-9.01506133062491,1.2796371913781002,0.03558196535065591,0.989960845753396,101,2024-06-26 01:56:15.890768,2,6,76,16
E104,8.219764101061582,0.40049607419401845,2.152035089630109,97,-8.973472630982615,1.3117362487549147,0.03587107180004707,0.9902638345106893,101,2024-06-26 01:56:15.890768,2,6,76,16
E104,11.960032953072725,0.33907688527251345,5.999999999999999,97,-8.973472630982615,1.3117362487549147,0.03587107180004707,0.9902638345106893,101,2024-06-26 01:56:15.890768,2,6,76,16
E104,21.19384978848576,0.16318886234533814,5.999999999999999,97,-8.973472630982615,1.3117362487549147,0.03587107180004707,0.9902638345106893,101,2024-06-26 01:56:15.890768,2,6,76,16
E105,8.398941691448162,0.4144523257795285,2.543728188601891,98,-8.97811029822174,1.3063724412036763,0.03561817297074496,0.9904441488278778,101,2024-06-26 01:56:15.890768,2,6,76,16
E105,12.237347906819547,0.3228201859124038,5.999999999999999,98,-8.97811029822174,1.3063724412036763,0.03561817297074496,0.9904441488278778,101,2024-06-26 01:56:15.890768,2,6,76,16
E105,21.126324729684008,0.15232891727698927,5.999999999999999,98,-8.97811029822174,1.3063724412036763,0.03561817297074496,0.9904441488278778,101,2024-06-26 01:56:15.890768,2,6,76,16
E106,8.318850944107826,0.4327244522554672,2.374258297192929,99,-8.949006450086518,1.3335550508677863,0.0350354037905199,0.9911345223918604,101,2024-06-26 01:56:15.890768,2,6,76,16
E106,12.194320574305518,0.3456809639083218,5.999999999999999,99,-8.949006450086518,1.3335550508677863,0.0350354037905199,0.9911345223918604,101,2024-06-26 01:56:15.890768,2,6,76,16
E106,21.106303474902788,0.16031746748809717,5.999999999999999,99,-8.949006450086518,1.3335550508677863,0.0350354037905199,0.9911345223918604,101,2024-06-26 01:56:15.890768,2,6,76,16
E107,8.267151907325657,0.4300599565220544,2.230962131489414,100,-8.923150063202124,1.353432728625426,0.03454256542264577,0.9916279106894762,101,2024-06-26 01:56:15.890768,2,6,76,16
E107,12.041807969718153,0.36559146723098124,5.999999999999999,100,-8.923150063202124,1.353432728625426,0.03454256542264577,0.9916279106894762,101,2024-06-26 01:56:15.890768,2,6,76,16
E107,20.58763848437932,0.16325606680328164,5.999999999999999,100,-8.923150063202124,1.353432728625426,0.03454256542264577,0.9916279106894762,101,2024-06-26 01:56:15.890768,2,6,76,16
E108,8.92392590068776,0.45584119106221976,3.530439236103319,101,-8.916186181176043,1.366316077461543,0.034189925923513435,0.9918985776754987,101,2024-06-26 01:56:15.890768,2,6,76,16
E108,13.846557552528763,0.31826973745022613,5.999999999999999,101,-8.916186181176043,1.366316077461543,0.034189925923513435,0.9918985776754987,101,2024-06-26 01:56:15.890768,2,6,76,16
E108,22.078781843691196,0.14055654706267084,5.999999999999999,101,-8.916186181176043,1.366316077461543,0.034189925923513435,0.9918985776754987,101,2024-06-26 01:56:15.890768,2,6,76,16
E109,8.845319161665124,0.46442554382664625,3.4013972530998315,102,-8.921943321043551,1.3724372069247601,0.03509214464460025,0.9917140627639074,101,2024-06-26 01:56:15.890768,2,6,76,16
E109,13.500137077930502,0.34150141647838517,5.999999999999999,102,-8.921943321043551,1.3724372069247601,0.03509214464460025,0.9917140627639074,101,2024-06-26 01:56:15.890768,2,6,76,16
E109,21.474263131222028,0.1451324177281066,5.999999999999999,102,-8.921943321043551,1.3724372069247601,0.03509214464460025,0.9917140627639074,101,2024-06-26 01:56:15.890768,2,6,76,16
E110,8.307912002671117,0.463684238281294,2.181225996139765,103,-8.933172343477553,1.3706351835196338,0.035468524085748174,0.9911656105993831,101,2024-06-26 01:56:15.890768,2,6,76,16
E110,11.880454159967142,0.39131694173926235,5.783280688691368,103,-8.933172343477553,1.3706351835196338,0.035468524085748174,0.9911656105993831,101,2024-06-26 01:56:15.890768,2,6,76,16
E110,19.35388241676339,0.17809456039992178,5.999999999999999,103,-8.933172343477553,1.3706351835196338,0.035468524085748174,0.9911656105993831,101,2024-06-26 01:56:15.890768,2,6,76,16
E112,10.653719349089771,0.4080812658457962,5.999999999999999,104,-8.940336969508571,1.3275514070979066,0.04144623613868708,0.9871829006419732,101,2024-06-26 01:56:15.890768,2,6,76,16
E112,20.096734387289004,0.18614669546227702,5.999999999999999,104,-8.940336969508571,1.3275514070979066,0.04144623613868708,0.9871829006419732,101,2024-06-26 01:56:15.890768,2,6,76,16
E113,8.174563060871026,0.40551657364373206,2.028637744818583,105,-8.911221560397257,1.349315265779007,0.03472712310857728,0.991174934847147,101,2024-06-26 01:56:15.890768,2,6,76,16
E113,11.867653603388565,0.3598184498826349,5.999999999999999,105,-8.911221560397257,1.349315265779007,0.03472712310857728,0.991174934847147,101,2024-06-26 01:56:15.890768,2,6,76,16
E113,20.90550107381183,0.1642844024765644,5.999999999999999,105,-8.911221560397257,1.349315265779007,0.03472712310857728,0.991174934847147,101,2024-06-26 01:56:15.890768,2,6,76,16
E114,8.168736186023933,0.41576070416564015,2.011102378712395,106,-8.894083081015316,1.365734086222718,0.034773149641840854,0.9912201119329194,101,2024-06-26 01:56:15.890768,2,6,76,16
E114,11.823883585188325,0.3695400873217167,5.999999999999999,106,-8.894083081015316,1.365734086222718,0.034773149641840854,0.9912201119329194,101,2024-06-26 01:56:15.890768,2,6,76,16
E114,20.504196836324837,0.16804969049490381,5.999999999999999,106,-8.894083081015316,1.365734086222718,0.034773149641840854,0.9912201119329194,101,2024-06-26 01:56:15.890768,2,6,76,16
E115,8.15697820794808,0.41662419975353693,1.9243480643229565,107,-8.88114327521685,1.3686727164827337,0.03418142189414765,0.9916751285388018,101,2024-06-26 01:56:15.890768,2,6,76,16
E115,11.675492364934918,0.3789845869603621,5.894602534984539,107,-8.88114327521685,1.3686727164827337,0.03418142189414765,0.9916751285388018,101,2024-06-26 01:56:15.890768,2,6,76,16
E115,19.963779359869427,0.16581159669930123,5.999999999999999,107,-8.88114327521685,1.3686727164827337,0.03418142189414765,0.9916751285388018,101,2024-06-26 01:56:15.890768,2,6,76,16
E116,10.569413664354713,0.45457843392262554,5.710430615073886,108,-8.871532230163321,1.3690153117979813,0.040655366857088295,0.9886800147758996,101,2024-06-26 01:56:15.890768,2,6,76,16
E116,18.57801704576312,0.20337186968179033,5.999999999999999,108,-8.871532230163321,1.3690153117979813,0.040655366857088295,0.9886800147758996,101,2024-06-26 01:56:15.890768,2,6,76,16
E117,10.508717790411833,0.4774388136634631,5.5228818337361885,109,-8.832642864522938,1.395459871917738,0.0392493353418557,0.9898709702396294,101,2024-06-26 01:56:15.890768,2,6,76,16
E117,18.00976982767697,0.2214871027324481,5.999999999999999,109,-8.832642864522938,1.395459871917738,0.0392493353418557,0.9898709702396294,101,2024-06-26 01:56:15.890768,2,6,76,16
E118,10.414631325040471,0.4930514525871015,5.3887878419723325,110,-8.840987327108818,1.397040556425235,0.03857442349934922,0.9900915256698936,101,2024-06-26 01:56:15.890768,2,6,76,16
E118,17.531057688573767,0.24217743794770286,5.999999999999999,110,-8.840987327108818,1.397040556425235,0.03857442349934922,0.9900915256698936,101,2024-06-26 01:56:15.890768,2,6,76,16
E119,10.442837791461306,0.50704589674117,5.465292737707956,111,-8.853273490669782,1.4018684636219139,0.037285702229195625,0.9912612572769132,101,2024-06-26 01:56:15.890768,2,6,76,16
E119,17.550423166532813,0.2549914699345539,5.999999999999999,111,-8.853273490669782,1.4018684636219139,0.037285702229195625,0.9912612572769132,101,2024-06-26 01:56:15.890768,2,6,76,16
E121,10.737989346172288,0.4087615239478719,5.999999999999999,112,-8.9001154909108,1.3508141049340816,0.04151296872342444,0.9877072710794648,101,2024-06-26 01:56:15.890768,2,6,76,16
E121,19.874761132440966,0.1858859248989706,5.999999999999999,112,-8.9001154909108,1.3508141049340816,0.04151296872342444,0.9877072710794648,101,2024-06-26 01:56:15.890768,2,6,76,16
E122,10.760755490604435,0.42515866515650025,5.999999999999999,113,-8.875204914450412,1.3650296087060378,0.040851467344211675,0.9882304334365754,101,2024-06-26 01:56:15.890768,2,6,76,16
E122,19.619282444202625,0.18929829907531293,5.999999999999999,113,-8.875204914450412,1.3650296087060378,0.040851467344211675,0.9882304334365754,101,2024-06-26 01:56:15.890768,2,6,76,16
E123,10.739669163664914,0.43207988520410545,5.925856201032264,114,-8.857713569398085,1.3758500378842096,0.039932855902867485,0.9888786707786389,101,2024-06-26 01:56:15.890768,2,6,76,16
E123,19.28775970940335,0.19165992221252992,5.999999999999999,114,-8.857713569398085,1.3758500378842096,0.039932855902867485,0.9888786707786389,101,2024-06-26 01:56:15.890768,2,6,76,16
E124,10.632686609094943,0.467830899954107,5.644398209796748,115,-8.806465742244253,1.393983552938747,0.038901802061008815,0.9896491194567756,101,2024-06-26 01:56:15.890768,2,6,76,16
E124,18.426755458874542,0.21404095780690824,5.999999999999999,115,-8.806465742244253,1.393983552938747,0.038901802061008815,0.9896491194567756,101,2024-06-26 01:56:15.890768,2,6,76,16
E125,10.532263740829602,0.482101187647169,5.520345539702367,116,-8.817812508863156,1.4002405085618224,0.03777332506350919,0.9907618201484876,101,2024-06-26 01:56:15.890768,2,6,76,16
E125,17.92703436252577,0.2304683657186768,5.999999999999999,116,-8.817812508863156,1.4002405085618224,0.03777332506350919,0.9907618201484876,101,2024-06-26 01:56:15.890768,2,6,76,16
E126,10.41196704290209,0.49947301136646693,5.331201750933093,117,-8.836974497896982,1.3969301826312885,0.03458831489178601,0.9918685002849066,101,2024-06-26 01:56:15.890768,2,6,76,16
E126,17.319175445029565,0.24085739973657638,5.999999999999999,117,-8.836974497896982,1.3969301826312885,0.03458831489178601,0.9918685002849066,101,2024-06-26 01:56:15.890768,2,6,76,16
E127,10.090390487660862,0.5117258408950356,4.667232239993858,118,-8.916261465395273,1.3988333953293408,0.03567550764240521,0.9920833931652671,101,2024-06-26 01:56:15.890768,2,6,76,16
E127,16.12595227857991,0.28572059367125213,5.999999999999999,118,-8.916261465395273,1.3988333953293408,0.03567550764240521,0.9920833931652671,101,2024-06-26 01:56:15.890768,2,6,76,16
E128,10.048614468114405,0.5224787238754907,4.658694677682726,119,-8.95697188734547,1.3941907616213132,0.03780379135962367,0.991785140347446,101,2024-06-26 01:56:15.890768,2,6,76,16
E128,16.199450171725108,0.30551088476990174,5.999999999999999,119,-8.95697188734547,1.3941907616213132,0.03780379135962367,0.991785140347446,101,2024-06-26 01:56:15.890768,2,6,76,16
E129,8.755732767219499,0.4583846705452004,2.878540997110434,120,-9.129559139558367,1.3192267486047766,0.027307775822331987,0.995170584992024,101,2024-06-26 01:56:15.890768,2,6,76,16
E129,11.932895202800891,0.3779800479028843,3.5652101047381173,120,-9.129559139558367,1.3192267486047766,0.027307775822331987,0.995170584992024,101,2024-06-26 01:56:15.890768,2,6,76,16
E129,16.060367405026373,0.24900206382673318,5.999999999999999,120,-9.129559139558367,1.3192267486047766,0.027307775822331987,0.995170584992024,101,2024-06-26 01:56:15.890768,2,6,76,16
E130,8.14449851135955,0.441286608753126,1.4418533076110003,121,-9.413125141866951,1.2615589315403055,0.02407734019876475,0.9947082694304241,101,2024-06-26 01:56:15.890768,2,6,76,16
E130,9.857438077752587,0.40596078899653953,3.6322294962013797,121,-9.413125141866951,1.2615589315403055,0.02407734019876475,0.9947082694304241,101,2024-06-26 01:56:15.890768,2,6,76,16
E130,14.946874625890871,0.27478945172174996,5.999999999999999,121,-9.413125141866951,1.2615589315403055,0.02407734019876475,0.9947082694304241,101,2024-06-26 01:56:15.890768,2,6,76,16
E130,21.09571349116597,0.06113913095636292,5.999999999999999,121,-9.413125141866951,1.2615589315403055,0.02407734019876475,0.9947082694304241,101,2024-06-26 01:56:15.890768,2,6,76,16
E131,8.287686824126249,0.4036922135188341,1.4998280791412615,122,-9.556889665147386,1.219284665732943,0.025957861052245877,0.9928943208312478,101,2024-06-26 01:56:15.890768,2,6,76,16
E131,10.080560909518061,0.38063213317233213,3.6914227998142453,122,-9.556889665147386,1.219284665732943,0.025957861052245877,0.9928943208312478,101,2024-06-26 01:56:15.890768,2,6,76,16
E131,15.68272414102019,0.22702972308981018,5.999999999999999,122,-9.556889665147386,1.219284665732943,0.025957861052245877,0.9928943208312478,101,2024-06-26 01:56:15.890768,2,6,76,16
E132,9.200942644886744,0.43531074760853805,2.7978482568213514,123,-10.022525075467453,1.1333425977899305,0.0335087023668032,0.9890900275334543,101,2024-06-26 01:56:15.890768,2,6,76,16
E132,14.060949776080959,0.20886499704771921,5.999999999999999,123,-10.022525075467453,1.1333425977899305,0.0335087023668032,0.9890900275334543,101,2024-06-26 01:56:15.890768,2,6,76,16
E134,10.800595389131818,0.4316163556398678,5.999999999999999,124,-8.876863001591573,1.3698902195205358,0.040808309251190326,0.9886946013811537,101,2024-06-26 01:56:15.890768,2,6,76,16
E134,19.737098734345736,0.19729603919560645,5.999999999999999,124,-8.876863001591573,1.3698902195205358,0.040808309251190326,0.9886946013811537,101,2024-06-26 01:56:15.890768,2,6,76,16
E135,10.740540252027445,0.45304438588462403,5.7586293454907596,125,-8.778545757804286,1.4061356463104815,0.03834206038615931,0.9902293549975636,101,2024-06-26 01:56:15.890768,2,6,76,16
E135,18.70530749062366,0.2019997657524577,5.999999999999999,125,-8.778545757804286,1.4061356463104815,0.03834206038615931,0.9902293549975636,101,2024-06-26 01:56:15.890768,2,6,76,16
E136,10.527621635628298,0.4747132526358655,5.404166710620277,126,-8.814878296352559,1.3938316026247968,0.03420355846337403,0.9919143568751647,101,2024-06-26 01:56:15.890768,2,6,76,16
E136,17.693349945792257,0.21604024206784977,5.999999999999999,126,-8.814878296352559,1.3938316026247968,0.03420355846337403,0.9919143568751647,101,2024-06-26 01:56:15.890768,2,6,76,16
E137,10.483864442101224,0.4817426655487935,5.356754218160519,127,-8.839954712428815,1.3880524590104613,0.03547529715078727,0.9915169870204912,101,2024-06-26 01:56:15.890768,2,6,76,16
E137,17.502708711061686,0.21992769626483089,5.999999999999999,127,-8.839954712428815,1.3880524590104613,0.03547529715078727,0.9915169870204912,101,2024-06-26 01:56:15.890768,2,6,76,16
E138,10.439532248023921,0.4939809283625092,5.312249409112826,128,-8.85235813110809,1.383963385445407,0.033632784066942034,0.992283482573538,101,2024-06-26 01:56:15.890768,2,6,76,16
E138,17.286478326387222,0.22799491463274713,5.999999999999999,128,-8.85235813110809,1.383963385445407,0.033632784066942034,0.992283482573538,101,2024-06-26 01:56:15.890768,2,6,76,16
E139,10.061189967375846,0.5097910650577546,4.611791835780918,129,-8.945706261103494,1.3853243618565556,0.03555777438913417,0.9922887618743825,101,2024-06-26 01:56:15.890768,2,6,76,16
E139,16.08708684086281,0.2854542870952752,5.999999999999999,129,-8.945706261103494,1.3853243618565556,0.03555777438913417,0.9922887618743825,101,2024-06-26 01:56:15.890768,2,6,76,16
E140,8.836423591797791,0.48228924247603366,3.03013672483724,130,-9.087430416379803,1.3343219483812507,0.02908010003049008,0.9943525216606092,101,2024-06-26 01:56:15.890768,2,6,76,16
E140,12.286407615890765,0.42358585641514424,5.363451570136678,130,-9.087430416379803,1.3343219483812507,0.02908010003049008,0.9943525216606092,101,2024-06-26 01:56:15.890768,2,6,76,16
E140,17.943557040720307,0.18738907186582843,5.999999999999999,130,-9.087430416379803,1.3343219483812507,0.02908010003049008,0.9943525216606092,101,2024-06-26 01:56:15.890768,2,6,76,16
E141,8.709281526315355,0.4691495391260787,2.670179752276649,131,-9.235502286220035,1.303974591536901,0.026586618451172248,0.9946860002937193,101,2024-06-26 01:56:15.890768,2,6,76,16
E141,11.73305507490321,0.3856107093416625,4.3186717569810105,131,-9.235502286220035,1.303974591536901,0.026586618451172248,0.9946860002937193,101,2024-06-26 01:56:15.890768,2,6,76,16
E141,16.53022753828978,0.2161165929138722,5.999999999993019,131,-9.235502286220035,1.303974591536901,0.026586618451172248,0.9946860002937193,101,2024-06-26 01:56:15.890768,2,6,76,16
E142,8.22524671261742,0.4347166254594885,1.5701740274930525,132,-9.41046329426947,1.254835081175415,0.02579875519163627,0.9944725152033507,101,2024-06-26 01:56:15.890768,2,6,76,16
E142,10.101723974527959,0.40897428105393097,3.869856448513715,132,-9.41046329426947,1.254835081175415,0.02579875519163627,0.9944725152033507,101,2024-06-26 01:56:15.890768,2,6,76,16
E142,15.559663537870344,0.2633505939822971,5.999999999999999,132,-9.41046329426947,1.254835081175415,0.02579875519163627,0.9944725152033507,101,2024-06-26 01:56:15.890768,2,6,76,16
E143,9.30572426406282,0.45513471929394456,3.3042784604990003,133,-9.501131864638023,1.218006723153094,0.03132060806386642,0.9919688314363464,101,2024-06-26 01:56:15.890768,2,6,76,16
E143,14.768943488254497,0.2583733637198371,5.999999999999999,133,-9.501131864638023,1.218006723153094,0.03132060806386642,0.9919688314363464,101,2024-06-26 01:56:15.890768,2,6,76,16
E144,9.208237406421471,0.463626867962045,2.751075560215441,134,-9.738983976155437,1.120394406210298,0.03375099203667357,0.9892394377849831,101,2024-06-26 01:56:15.890768,2,6,76,16
E144,13.947584834883573,0.23582388734589088,5.999999999999999,134,-9.738983976155437,1.120394406210298,0.03375099203667357,0.9892394377849831,101,2024-06-26 01:56:15.890768,2,6,76,16
E146,10.762951342022191,0.45996404838000693,5.773656746411937,135,-8.80508707578721,1.3971004426641718,0.037072683990230684,0.9906265199353839,101,2024-06-26 01:56:15.890768,2,6,76,16
E146,18.74032318840786,0.20406156459622515,5.999999999999999,135,-8.80508707578721,1.3971004426641718,0.037072683990230684,0.9906265199353839,101,2024-06-26 01:56:15.890768,2,6,76,16
E147,10.385411885607361,0.47971183168483655,5.1903029021933165,136,-8.879507349128742,1.3672842585790042,0.033501981924830525,0.9922549500859434,101,2024-06-26 01:56:15.890768,2,6,76,16
E147,17.204797226577043,0.22397374720320684,5.999999999999999,136,-8.879507349128742,1.3672842585790042,0.033501981924830525,0.9922549500859434,101,2024-06-26 01:56:15.890768,2,6,76,16
E148,10.302387334183322,0.4774075248903653,5.021565058101288,137,-8.880305965936829,1.3723076529962164,0.035250045422963026,0.9917704232428166,101,2024-06-26 01:56:15.890768,2,6,76,16
E148,16.74786875426038,0.23233878245681083,5.999999999999999,137,-8.880305965936829,1.3723076529962164,0.035250045422963026,0.9917704232428166,101,2024-06-26 01:56:15.890768,2,6,76,16
E149,10.200445603420913,0.4836966259697082,4.901912102641622,138,-8.908063606631089,1.3659181685180501,0.033930112783415886,0.9925592533541202,101,2024-06-26 01:56:15.890768,2,6,76,16
E149,16.52176170652613,0.24311916368321107,5.999999999999999,138,-8.908063606631089,1.3659181685180501,0.033930112783415886,0.9925592533541202,101,2024-06-26 01:56:15.890768,2,6,76,16
E150,8.827827861633406,0.46376705074050406,2.9357398698711554,139,-9.042818826498904,1.3548400416380113,0.02730716630464181,0.994784086992669,101,2024-06-26 01:56:15.890768,2,6,76,16
E150,12.042400678593069,0.4157596130902679,4.824789879637008,139,-9.042818826498904,1.3548400416380113,0.02730716630464181,0.994784086992669,101,2024-06-26 01:56:15.890768,2,6,76,16
E150,17.406662252074973,0.196768701367251,5.999999999999999,139,-9.042818826498904,1.3548400416380113,0.02730716630464181,0.994784086992669,101,2024-06-26 01:56:15.890768,2,6,76,16
E151,8.69415409676044,0.4777416394627707,2.616448869815939,140,-9.128159754927513,1.333787399294824,0.0280435476712496,0.9941393603136289,101,2024-06-26 01:56:15.890768,2,6,76,16
E151,11.73305507490321,0.41667714608680484,4.804814316008767,140,-9.128159754927513,1.333787399294824,0.0280435476712496,0.9941393603136289,101,2024-06-26 01:56:15.890768,2,6,76,16
E151,17.14413144042664,0.19840448331096638,5.999999999999999,140,-9.128159754927513,1.333787399294824,0.0280435476712496,0.9941393603136289,101,2024-06-26 01:56:15.890768,2,6,76,16
E152,8.735065422874447,0.45757761985483114,2.5843752747602036,141,-9.292198360612534,1.282284909549526,0.02720391362515305,0.9941383903484619,101,2024-06-26 01:56:15.890768,2,6,76,16
E152,11.73305507490321,0.3660129348579382,4.421291290464204,141,-9.292198360612534,1.282284909549526,0.02720391362515305,0.9941383903484619,101,2024-06-26 01:56:15.890768,2,6,76,16
E152,16.523778015386277,0.20073120836919678,5.999999999999999,141,-9.292198360612534,1.282284909549526,0.02720391362515305,0.9941383903484619,101,2024-06-26 01:56:15.890768,2,6,76,16
E153,8.414620525055865,0.43387935109941544,1.8353646139050384,142,-9.384335561452039,1.2542461514896783,0.025766175258917116,0.9944709384364385,101,2024-06-26 01:56:15.890768,2,6,76,16
E153,10.493261054077522,0.3871471989489219,3.9339385228732837,142,-9.384335561452039,1.2542461514896783,0.025766175258917116,0.9944709384364385,101,2024-06-26 01:56:15.890768,2,6,76,16
E153,15.545603358131835,0.23745261531572126,5.999999999999999,142,-9.384335561452039,1.2542461514896783,0.025766175258917116,0.9944709384364385,101,2024-06-26 01:56:15.890768,2,6,76,16
E154,9.273586385840476,0.4636713210525798,3.1735640687097524,143,-9.486335983305235,1.2095269138470832,0.03138080651665303,0.9924917015226823,101,2024-06-26 01:56:15.890768,2,6,76,16
E154,14.557529047108368,0.267295791027621,5.999999999999999,143,-9.486335983305235,1.2095269138470832,0.03138080651665303,0.9924917015226823,101,2024-06-26 01:56:15.890768,2,6,76,16
E155,9.19399987265165,0.47165138152051433,2.6943564272875125,144,-9.654424969644325,1.1172821082586244,0.03025849118960015,0.9913636818464806,101,2024-06-26 01:56:15.890768,2,6,76,16
E155,13.734223942435237,0.24458178687614485,5.999999999999999,144,-9.654424969644325,1.1172821082586244,0.03025849118960015,0.9913636818464806,101,2024-06-26 01:56:15.890768,2,6,76,16
E156,10.763788814326137,0.4422170974745221,5.626530077610538,145,-8.83906373890236,1.403583838546551,0.03455674302488105,0.9919101337382619,101,2024-06-26 01:56:15.890768,2,6,76,16
E156,18.427816419515647,0.19505076073927796,5.999999999999999,145,-8.83906373890236,1.403583838546551,0.03455674302488105,0.9919101337382619,101,2024-06-26 01:56:15.890768,2,6,76,16
E157,10.211925989098653,0.48040822571965514,4.9132909227157775,146,-8.946400920271422,1.3692566862411488,0.03263831738760637,0.9929024632378072,101,2024-06-26 01:56:15.890768,2,6,76,16
E157,16.49538971337794,0.2392979531499062,5.999999999999999,146,-8.946400920271422,1.3692566862411488,0.03263831738760637,0.9929024632378072,101,2024-06-26 01:56:15.890768,2,6,76,16
E158,9.82245620715492,0.4868600244790642,4.251639805976471,147,-9.066210778467768,1.3448501544511924,0.031008040073524343,0.9936892102978426,101,2024-06-26 01:56:15.890768,2,6,76,16
E158,15.400955785037437,0.2737496598593694,5.999999999999999,147,-9.066210778467768,1.3448501544511924,0.031008040073524343,0.9936892102978426,101,2024-06-26 01:56:15.890768,2,6,76,16
E159,8.728703720368207,0.4582680295523893,2.7251270017278797,148,-9.10428157485212,1.3308089465589776,0.02728837994808231,0.9944656806531081,101,2024-06-26 01:56:15.890768,2,6,76,16
E159,11.733055074903229,0.40994860008641965,4.615623682685624,148,-9.10428157485212,1.3308089465589776,0.02728837994808231,0.9944656806531081,101,2024-06-26 01:56:15.890768,2,6,76,16
E159,16.739162329994862,0.20580299835790505,5.999999999999986,148,-9.10428157485212,1.3308089465589776,0.02728837994808231,0.9944656806531081,101,2024-06-26 01:56:15.890768,2,6,76,16
E160,8.819591162897945,0.4700733207018377,2.692813982013169,149,-9.189652253862889,1.308933257964957,0.026865142394550758,0.9946124041835376,101,2024-06-26 01:56:15.890768,2,6,76,16
E160,11.73305507490321,0.38792723143745,4.519781235855949,149,-9.189652253862889,1.308933257964957,0.026865142394550758,0.9946124041835376,101,2024-06-26 01:56:15.890768,2,6,76,16
E160,16.26566675086236,0.2187328676504432,5.999999999999999,149,-9.189652253862889,1.308933257964957,0.026865142394550758,0.9946124041835376,101,2024-06-26 01:56:15.890768,2,6,76,16
E161,8.314983563442192,0.4403794844117108,1.6920508624602617,150,-9.301021001364807,1.2727731659253043,0.024912134162134513,0.9948717658399432,101,2024-06-26 01:56:15.890768,2,6,76,16
E161,10.23222727160219,0.42290419990395556,3.6837447944471213,150,-9.301021001364807,1.2727731659253043,0.024912134162134513,0.9948717658399432,101,2024-06-26 01:56:15.890768,2,6,76,16
E161,14.988770745512431,0.24397562354116786,5.999999999999999,150,-9.301021001364807,1.2727731659253043,0.024912134162134513,0.9948717658399432,101,2024-06-26 01:56:15.890768,2,6,76,16
E162,9.353781226451906,0.4758824579088117,3.2774324181647145,151,-9.404676376826396,1.2310200362021966,0.03155197067524512,0.9925753340172537,101,2024-06-26 01:56:15.890768,2,6,76,16
E162,14.446163280039636,0.2688657168032229,5.999999999999999,151,-9.404676376826396,1.2310200362021966,0.03155197067524512,0.9925753340172537,101,2024-06-26 01:56:15.890768,2,6,76,16
E163,9.365812272885758,0.47481682726779795,3.191954977450874,152,-9.497837340212932,1.1743042702007396,0.0323668518445416,0.9914348488011006,101,2024-06-26 01:56:15.890768,2,6,76,16
E163,14.837252040522038,0.25914212713428775,5.999999999999999,152,-9.497837340212932,1.1743042702007396,0.0323668518445416,0.9914348488011006,101,2024-06-26 01:56:15.890768,2,6,76,16
E164,9.273392991801229,0.46253643981570036,2.8709866051828885,153,-9.625040307885165,1.1151533289341276,0.035251047218002936,0.9888932195691773,101,2024-06-26 01:56:15.890768,2,6,76,16
E164,14.073728147690705,0.24050537985426246,5.999999999999999,153,-9.625040307885165,1.1151533289341276,0.035251047218002936,0.9888932195691773,101,2024-06-26 01:56:15.890768,2,6,76,16
E166,8.608274741995288,0.42968172990015496,2.664508041636325,154,-9.04206896021591,1.3639265971782975,0.026475057418338215,0.9949437548685038,101,2024-06-26 01:56:15.890768,2,6,76,16
E166,11.73305507490321,0.4109601619679051,4.653310632684542,154,-9.04206896021591,1.3639265971782975,0.026475057418338215,0.9949437548685038,101,2024-06-26 01:56:15.890768,2,6,76,16
E166,17.155831593403917,0.19830101045919868,5.999999999999999,154,-9.04206896021591,1.3639265971782975,0.026475057418338215,0.9949437548685038,101,2024-06-26 01:56:15.890768,2,6,76,16
E167,9.76966169784476,0.48544867641657774,4.185463696920179,155,-9.085909680043954,1.3421834361050844,0.03028959038225334,0.9937918685124039,101,2024-06-26 01:56:15.890768,2,6,76,16
E167,15.302438782426332,0.2714938072248856,5.999999999999999,155,-9.085909680043954,1.3421834361050844,0.03028959038225334,0.9937918685124039,101,2024-06-26 01:56:15.890768,2,6,76,16
E168,9.015529466203999,0.46272561518850175,3.0092968938944997,156,-9.214335787898694,1.2984293050754392,0.02869825307109697,0.9938397022273273,101,2024-06-26 01:56:15.890768,2,6,76,16
E168,12.75142656607628,0.3455502960466106,4.94353751711512,156,-9.214335787898694,1.2984293050754392,0.02869825307109697,0.9938397022273273,101,2024-06-26 01:56:15.890768,2,6,76,16
E168,18.12482266875314,0.13248634007862492,5.264477527614756,156,-9.214335787898694,1.2984293050754392,0.02869825307109697,0.9938397022273273,101,2024-06-26 01:56:15.890768,2,6,76,16
E169,9.454538801135163,0.4661974393679955,3.607106635005778,157,-9.277068440735428,1.2776354547293767,0.02993490710738534,0.9937624951658044,101,2024-06-26 01:56:15.890768,2,6,76,16
E169,14.558628501823774,0.2646500747892411,5.999999999999999,157,-9.277068440735428,1.2776354547293767,0.02993490710738534,0.9937624951658044,101,2024-06-26 01:56:15.890768,2,6,76,16
E170,9.310640230174087,0.47524122646894895,3.3319449189931825,158,-9.318728174556377,1.2613998772535846,0.030886460243895412,0.993106392828008,101,2024-06-26 01:56:15.890768,2,6,76,16
E170,14.12845355984545,0.2802791249681693,5.999999999999999,158,-9.318728174556377,1.2613998772535846,0.030886460243895412,0.993106392828008,101,2024-06-26 01:56:15.890768,2,6,76,16
E171,9.281883559065562,0.4693148141959771,3.0491740505879106,159,-9.441677778076873,1.204029642953835,0.029527930694134587,0.9924862210379661,101,2024-06-26 01:56:15.890768,2,6,76,16
E171,14.031584117357257,0.25896644610551434,5.999999999999999,159,-9.441677778076873,1.204029642953835,0.029527930694134587,0.9924862210379661,101,2024-06-26 01:56:15.890768,2,6,76,16
E172,9.252796658303893,0.4827086685843085,2.898741282972431,160,-9.51558671197448,1.1575745754656723,0.032265147549770494,0.9905362962608162,101,2024-06-26 01:56:15.890768,2,6,76,16
E172,14.149605849278185,0.25470661734560807,5.999999999999999,160,-9.51558671197448,1.1575745754656723,0.032265147549770494,0.9905362962608162,101,2024-06-26 01:56:15.890768,2,6,76,16
E173,9.231870845227288,0.48201839330506857,2.7824742252378494,161,-9.57821368932484,1.1360066496155876,0.03252742687268344,0.9897579148779092,101,2024-06-26 01:56:15.890768,2,6,76,16
E173,13.857741081378025,0.2585405953643001,5.999999999999999,161,-9.57821368932484,1.1360066496155876,0.03252742687268344,0.9897579148779092,101,2024-06-26 01:56:15.890768,2,6,76,16
E175,9.047718479316421,0.4426506365998879,3.104491131606465,162,-9.132534695608557,1.3246548556437483,0.027165098860502945,0.994726608518648,101,2024-06-26 01:56:15.890768,2,6,76,16
E175,12.751426538089014,0.34740330204585845,4.855339643912347,162,-9.132534695608557,1.3246548556437483,0.027165098860502945,0.994726608518648,101,2024-06-26 01:56:15.890768,2,6,76,16
E175,17.9582937145303,0.14805169868512458,5.017043676844081,162,-9.132534695608557,1.3246548556437483,0.027165098860502945,0.994726608518648,101,2024-06-26 01:56:15.890768,2,6,76,16
E176,8.811145944710843,0.46020736766617176,2.82932609995433,163,-9.21994303567504,1.3010512479797571,0.02658580539726376,0.9948036861118557,101,2024-06-26 01:56:15.890768,2,6,76,16
E176,11.875060963009526,0.3884541104804331,4.971754699936133,163,-9.21994303567504,1.3010512479797571,0.02658580539726376,0.9948036861118557,101,2024-06-26 01:56:15.890768,2,6,76,16
E176,17.11056162055486,0.18055084780335662,5.999999999999999,163,-9.21994303567504,1.3010512479797571,0.02658580539726376,0.9948036861118557,101,2024-06-26 01:56:15.890768,2,6,76,16
E177,9.336386521492203,0.4634813008868228,3.282943789298371,164,-9.33704072828403,1.2356300174761194,0.02934818609572942,0.9933143091934018,101,2024-06-26 01:56:15.890768,2,6,76,16
E177,14.171000021376559,0.2575221986848124,5.999999999999999,164,-9.33704072828403,1.2356300174761194,0.02934818609572942,0.9933143091934018,101,2024-06-26 01:56:15.890768,2,6,76,16
E178,9.180906463017473,0.4653461351963841,2.8175021521567563,165,-9.437128135685482,1.191135054000118,0.028515245187827942,0.9932709518508851,101,2024-06-26 01:56:15.890768,2,6,76,16
E178,13.339715080506478,0.2625515805375578,5.999999999999999,165,-9.437128135685482,1.191135054000118,0.028515245187827942,0.9932709518508851,101,2024-06-26 01:56:15.890768,2,6,76,16
E179,9.178108642887828,0.455693606183349,2.7197859589363564,166,-9.476663329428426,1.1704039489477736,0.028260060086525766,0.9924887221907711,101,2024-06-26 01:56:15.890768,2,6,76,16
E179,13.390671944179607,0.25014952192915985,5.999999999999998,166,-9.476663329428426,1.1704039489477736,0.028260060086525766,0.9924887221907711,101,2024-06-26 01:56:15.890768,2,6,76,16
E180,9.181596040172503,0.4859947288240871,2.635505559746868,167,-9.581261592853302,1.1162459390708332,0.03079994484822612,0.9905832018931774,101,2024-06-26 01:56:15.890768,2,6,76,16
E180,13.27172535897835,0.25075371955591663,5.999999999999999,167,-9.581261592853302,1.1162459390708332,0.03079994484822612,0.9905832018931774,101,2024-06-26 01:56:15.890768,2,6,76,16
E181,9.162451311927624,0.4896080129816198,2.5719201376432377,168,-9.609226326277975,1.106030714696059,0.03215345844559361,0.989909984780964,101,2024-06-26 01:56:15.890768,2,6,76,16
E181,13.12414433099321,0.2523022333379714,5.999999999999545,168,-9.609226326277975,1.106030714696059,0.03215345844559361,0.989909984780964,101,2024-06-26 01:56:15.890768,2,6,76,16
E182,9.190531884934634,0.4902114866375573,2.610438070838479,169,-9.633711234813129,1.1130799442818105,0.033723765905552344,0.9891581142919711,101,2024-06-26 01:56:15.890768,2,6,76,16
E182,13.45751449146564,0.24601924469724423,5.999999999999999,169,-9.633711234813129,1.1130799442818105,0.033723765905552344,0.9891581142919711,101,2024-06-26 01:56:15.890768,2,6,76,16
E183,9.186705525488126,0.49741866462193585,2.6038989893097684,170,-9.703430220940938,1.1010460081365774,0.03436549370924441,0.9883526934859242,101,2024-06-26 01:56:15.890768,2,6,76,16
E183,13.443107602260278,0.2583134434555596,5.999999999997245,170,-9.703430220940938,1.1010460081365774,0.03436549370924441,0.9883526934859242,101,2024-06-26 01:56:15.890768,2,6,76,16
E184,9.227058278950148,0.4881405992661403,2.6214589635530245,171,-9.81727837475574,1.0763292297256766,0.031682617132362624,0.989236280983401,101,2024-06-26 01:56:15.890768,2,6,76,16
E184,13.534967239711639,0.24477120790391638,5.999999999996379,171,-9.81727837475574,1.0763292297256766,0.031682617132362624,0.989236280983401,101,2024-06-26 01:56:15.890768,2,6,76,16
E185,9.09741276338862,0.46026359449788146,2.4760483531715085,172,-10.015916016681615,1.0221678690834488,0.030805383602292385,0.9882965915608486,101,2024-06-26 01:56:15.890768,2,6,76,16
E185,13.049821108249022,0.2370032460605156,5.362847067859544,172,-10.015916016681615,1.0221678690834488,0.030805383602292385,0.9882965915608486,101,2024-06-26 01:56:15.890768,2,6,76,16
E186,9.047787603444927,0.36121994414537184,2.5396285636893405,173,-10.493572436505707,0.913472911680263,0.027611767375526102,0.987777146846828,101,2024-06-26 01:56:15.890768,2,6,76,16
E186,12.987810529155992,0.2016874313361683,5.2554463558238185,173,-10.493572436505707,0.913472911680263,0.027611767375526102,0.987777146846828,101,2024-06-26 01:56:15.890768,2,6,76,16
E188,9.044635306549296,0.429365391959573,2.9549535014721715,174,-9.256077612069584,1.2688929697783393,0.02848522142245238,0.9940238380348524,101,2024-06-26 01:56:15.890768,2,6,76,16
E188,12.751426539556027,0.30295822539930306,4.82498784241927,174,-9.256077612069584,1.2688929697783393,0.02848522142245238,0.9940238380348524,101,2024-06-26 01:56:15.890768,2,6,76,16
E188,17.84406399657784,0.15053341941537646,4.247089229297832,174,-9.256077612069584,1.2688929697783393,0.02848522142245238,0.9940238380348524,101,2024-06-26 01:56:15.890768,2,6,76,16
E189,9.256303987989739,0.45517529301828574,3.14785003154324,175,-9.347346147554346,1.232805578537163,0.028476929709458264,0.9935594300080614,101,2024-06-26 01:56:15.890768,2,6,76,16
E189,13.869064704444632,0.2665460817576992,5.999999999999999,175,-9.347346147554346,1.232805578537163,0.028476929709458264,0.9935594300080614,101,2024-06-26 01:56:15.890768,2,6,76,16
E190,9.102484522944973,0.46665310866058185,2.5837766081944737,176,-9.451392513187043,1.1814367538263006,0.02748191031750117,0.9932076112320801,101,2024-06-26 01:56:15.890768,2,6,76,16
E190,12.90880037350185,0.2707966007604199,5.999999999999907,176,-9.451392513187043,1.1814367538263006,0.02748191031750117,0.9932076112320801,101,2024-06-26 01:56:15.890768,2,6,76,16
E191,9.179055632105008,0.4738587523523048,2.719374898978838,177,-9.500128960152088,1.1551962277884191,0.028483956742505975,0.9922105508334953,101,2024-06-26 01:56:15.890768,2,6,76,16
E191,13.378665515909127,0.2474223976667016,5.999999999999999,177,-9.500128960152088,1.1551962277884191,0.028483956742505975,0.9922105508334953,101,2024-06-26 01:56:15.890768,2,6,76,16
E192,9.120875921551745,0.5042355169211579,2.4719429721231867,178,-9.602478451845634,1.0796662999243671,0.03128711107027727,0.9894666392408242,101,2024-06-26 01:56:15.890768,2,6,76,16
E192,12.894909965979863,0.25009226199158086,5.843180516723347,178,-9.602478451845634,1.0796662999243671,0.03128711107027727,0.9894666392408242,101,2024-06-26 01:56:15.890768,2,6,76,16
E193,9.158612356453457,0.5043912110368911,2.561183916806632,179,-9.635026767346924,1.0581433446368653,0.03426016161759454,0.9869582211647712,101,2024-06-26 01:56:15.890768,2,6,76,16
E193,12.946264029494046,0.24464632087330251,5.882709050193631,179,-9.635026767346924,1.0581433446368653,0.03426016161759454,0.9869582211647712,101,2024-06-26 01:56:15.890768,2,6,76,16
E194,9.147061508654746,0.5138192604685283,2.5775261961084275,180,-9.654982822869393,1.0600355067724039,0.03256653889130488,0.9877633922370739,101,2024-06-26 01:56:15.890768,2,6,76,16
E194,12.956676920746107,0.25413775653903947,5.564121621836615,180,-9.654982822869393,1.0600355067724039,0.03256653889130488,0.9877633922370739,101,2024-06-26 01:56:15.890768,2,6,76,16
E195,9.151733121773065,0.5172059635145221,2.5975033713459044,181,-9.689959574622263,1.0552804506273952,0.03412911255278058,0.9862810962655837,101,2024-06-26 01:56:15.890768,2,6,76,16
E195,13.04729038707992,0.25823780622700276,5.855617695519376,181,-9.689959574622263,1.0552804506273952,0.03412911255278058,0.9862810962655837,101,2024-06-26 01:56:15.890768,2,6,76,16
E196,9.167112981147257,0.5216592820541948,2.6416790491812523,182,-9.781967838300474,1.0441240853590963,0.034330994453433364,0.9858984155077493,101,2024-06-26 01:56:15.890768,2,6,76,16
E196,13.373540704552482,0.26239142928176307,5.9999999999997655,182,-9.781967838300474,1.0441240853590963,0.034330994453433364,0.9858984155077493,101,2024-06-26 01:56:15.890768,2,6,76,16
E197,9.13664111606039,0.5182838666684919,2.701676181238301,183,-9.921048049936015,1.0463218710694562,0.03425499251651214,0.9872168221698158,101,2024-06-26 01:56:15.890768,2,6,76,16
E197,13.820405300980486,0.27971595084411227,5.999999999999391,183,-9.921048049936015,1.0463218710694562,0.03425499251651214,0.9872168221698158,101,2024-06-26 01:56:15.890768,2,6,76,16
E198,8.970500911846313,0.5479268248072344,2.839930411227715,184,-10.067934077401608,1.027542971619102,0.032377567157600866,0.9904135878018234,101,2024-06-26 01:56:15.890768,2,6,76,16
E198,13.878170588951392,0.3285857767321474,5.999999999999999,184,-10.067934077401608,1.027542971619102,0.032377567157600866,0.9904135878018234,101,2024-06-26 01:56:15.890768,2,6,76,16
E200,9.132895306088042,0.4521610505635607,2.864627868441732,185,-9.42423975884176,1.1879307785296445,0.026299292871116,0.9935862812038093,101,2024-06-26 01:56:15.890768,2,6,76,16
E200,13.25253349547711,0.2539563630716408,5.999999999999999,185,-9.42423975884176,1.1879307785296445,0.026299292871116,0.9935862812038093,101,2024-06-26 01:56:15.890768,2,6,76,16
E201,9.157968825278882,0.4605159247052928,2.758074285047988,186,-9.469437783830536,1.1577531685767397,0.028666479614520464,0.9924599790391758,101,2024-06-26 01:56:15.890768,2,6,76,16
E201,13.257890095262468,0.24691052588512008,5.999999999999965,186,-9.469437783830536,1.1577531685767397,0.028666479614520464,0.9924599790391758,101,2024-06-26 01:56:15.890768,2,6,76,16
E202,9.151345431741195,0.4679171512471836,2.4308861416932723,187,-9.627702413169816,0.7386893262102104,0.05057567117185726,0.9475508350391345,101,2024-06-26 01:56:15.890768,2,6,76,16
E202,12.462334193922983,0.17027031486043498,4.3738744454925484,187,-9.627702413169816,0.7386893262102104,0.05057567117185726,0.9475508350391345,101,2024-06-26 01:56:15.890768,2,6,76,16
E203,9.067639424800332,0.5162018976762326,2.5574672972597505,188,-9.64466563405028,1.0364528594665627,0.03358762798011314,0.9869508572825499,101,2024-06-26 01:56:15.890768,2,6,76,16
E203,12.799054597619753,0.2581914284097877,5.2521622748424495,188,-9.64466563405028,1.0364528594665627,0.03358762798011314,0.9869508572825499,101,2024-06-26 01:56:15.890768,2,6,76,16
E204,9.097172953973704,0.5359927866953811,2.610586744455511,189,-9.65776073911167,1.0512528828421444,0.03560389488101044,0.9860843924233754,101,2024-06-26 01:56:15.890768,2,6,76,16
E204,13.07194237113897,0.2578815751096375,5.534507476923309,189,-9.65776073911167,1.0512528828421444,0.03560389488101044,0.9860843924233754,101,2024-06-26 01:56:15.890768,2,6,76,16
E205,9.039298800942426,0.534796220034444,2.623035676841006,190,-9.698880409735404,1.0596748427040774,0.03462909375116023,0.9875837849622857,101,2024-06-26 01:56:15.890768,2,6,76,16
E205,13.12417287540557,0.27100190627914245,5.779469923113304,190,-9.698880409735404,1.0596748427040774,0.03462909375116023,0.9875837849622857,101,2024-06-26 01:56:15.890768,2,6,76,16
E206,7.885721637020522,0.4077930503326588,1.5195534861492888,191,-9.751039223685199,1.0636126817260774,0.032674216970015324,0.9884791428512127,101,2024-06-26 01:56:15.890768,2,6,76,16
E206,9.546565269276204,0.5070379190198864,2.526011343003902,191,-9.751039223685199,1.0636126817260774,0.032674216970015324,0.9884791428512127,101,2024-06-26 01:56:15.890768,2,6,76,16
E206,13.764040162255096,0.2890877477529017,5.999998363948082,191,-9.751039223685199,1.0636126817260774,0.032674216970015324,0.9884791428512127,101,2024-06-26 01:56:15.890768,2,6,76,16
E207,8.933564641298522,0.5344991954952469,3.0573130151716943,192,-9.736063643232987,1.0778028869791934,0.03094566101244825,0.991507491590568,101,2024-06-26 01:56:15.890768,2,6,76,16
E207,14.24578127347901,0.33064194820759596,5.999999999999997,192,-9.736063643232987,1.0778028869791934,0.03094566101244825,0.991507491590568,101,2024-06-26 01:56:15.890768,2,6,76,16
E210,8.96356820068809,0.5474174918816175,2.6933092612987553,193,-9.464959870216612,1.0567870394441083,0.025917621224040788,0.9928464194081872,101,2024-06-26 01:56:15.890768,2,6,76,16
E210,12.9496968237972,0.2593969968820229,5.283385206462431,193,-9.464959870216612,1.0567870394441083,0.025917621224040788,0.9928464194081872,101,2024-06-26 01:56:15.890768,2,6,76,16
E211,8.950126621070856,0.5509274274736082,2.6663725913324985,194,-9.523298360811099,1.0517018233590019,0.031263810024665266,0.9901472305534068,101,2024-06-26 01:56:15.890768,2,6,76,16
E211,12.932755276716062,0.2708777442264978,5.549446615973626,194,-9.523298360811099,1.0517018233590019,0.031263810024665266,0.9901472305534068,101,2024-06-26 01:56:15.890768,2,6,76,16
E212,9.001752050230872,0.5420380887165575,2.6787058605226863,195,-9.557095903590842,1.0611281925246596,0.032701233955777405,0.9894162592392174,101,2024-06-26 01:56:15.890768,2,6,76,16
E212,13.136586778506809,0.26531336122120486,5.5346700628268,195,-9.557095903590842,1.0611281925246596,0.032701233955777405,0.9894162592392174,101,2024-06-26 01:56:15.890768,2,6,76,16
E213,8.945191711616603,0.5477204225676573,2.6816362031141208,196,-9.602922130045757,1.0570104952473072,0.03353902761965987,0.9895242229797463,101,2024-06-26 01:56:15.890768,2,6,76,16
E213,13.238391409021759,0.28225564852465723,5.9728506602350455,196,-9.602922130045757,1.0570104952473072,0.03353902761965987,0.9895242229797463,101,2024-06-26 01:56:15.890768,2,6,76,16
E214,8.920155445997976,0.5439136771013118,2.868428590258221,197,-9.650282099120444,1.047612577253567,0.033105655609267134,0.9897283603414087,101,2024-06-26 01:56:15.890768,2,6,76,16
E214,13.62034197824124,0.2981228181020992,5.999999999999999,197,-9.650282099120444,1.047612577253567,0.033105655609267134,0.9897283603414087,101,2024-06-26 01:56:15.890768,2,6,76,16
E215,7.8199037849180595,0.44255454885202816,1.5608699011305514,198,-9.648117164226145,1.0614347776660575,0.029737050553566673,0.9909324723909722,101,2024-06-26 01:56:15.890768,2,6,76,16
E215,9.591439667880918,0.4804491889731928,2.651462727145085,198,-9.648117164226145,1.0614347776660575,0.029737050553566673,0.9909324723909722,101,2024-06-26 01:56:15.890768,2,6,76,16
E215,14.107637126200192,0.29961732705747224,5.999999999994605,198,-9.648117164226145,1.0614347776660575,0.029737050553566673,0.9909324723909722,101,2024-06-26 01:56:15.890768,2,6,76,16
E220,8.970874265630671,0.583362072102739,2.7312564380590527,199,-9.350940109552164,1.1216354669548623,0.03129449752276207,0.9911190521091758,101,2024-06-26 01:56:15.890768,2,6,76,16
E220,13.26142704892112,0.2754417968213403,5.999999999999996,199,-9.350940109552164,1.1216354669548623,0.03129449752276207,0.9911190521091758,101,2024-06-26 01:56:15.890768,2,6,76,16
E221,8.918616577121803,0.5610289478181354,2.837162350705098,200,-9.489915915323163,1.0686783218213451,0.03217108203849362,0.9911909564831939,101,2024-06-26 01:56:15.890768,2,6,76,16
E221,13.390265760886944,0.2897022326443448,5.999999999999654,200,-9.489915915323163,1.0686783218213451,0.03217108203849362,0.9911909564831939,101,2024-06-26 01:56:15.890768,2,6,76,16
E222,8.877862904446324,0.54160664350748,2.8142407097848614,201,-9.551242209323348,1.0388958533127588,0.0331888475545808,0.9896681899697498,101,2024-06-26 01:56:15.890768,2,6,76,16
E222,13.394049415056582,0.28508455490791107,5.999999999999989,201,-9.551242209323348,1.0388958533127588,0.0331888475545808,0.9896681899697498,101,2024-06-26 01:56:15.890768,2,6,76,16
E223,8.86095864235358,0.5270919407844676,2.824351734338332,202,-9.571290514408572,1.026045023699388,0.03322097137900933,0.9893884511889461,101,2024-06-26 01:56:15.890768,2,6,76,16
E223,13.583498897384791,0.28574322795723894,5.999999999999999,202,-9.571290514408572,1.026045023699388,0.03322097137900933,0.9893884511889461,101,2024-06-26 01:56:15.890768,2,6,76,16
E224,7.804262032279404,0.44973086267379614,1.5372104992630733,203,-9.604038093521678,1.0106668707943505,0.030035444625491455,0.9899008534766768,101,2024-06-26 01:56:15.890768,2,6,76,16
E224,9.581510748174722,0.47959850618584454,2.5826300606231753,203,-9.604038093521678,1.0106668707943505,0.030035444625491455,0.9899008534766768,101,2024-06-26 01:56:15.890768,2,6,76,16
E224,14.029679737781857,0.27684599031109336,5.99999999999917,203,-9.604038093521678,1.0106668707943505,0.030035444625491455,0.9899008534766768,101,2024-06-26 01:56:15.890768,2,6,76,16
