test_column,E1,E10,E100,E101,E103,E104,E105,E106,E107,E108,E109,E11,E110,E112,E113,E114,E115,E116,E117,E118,E119,E12,E121,E122,E123,E124,E125,E126,E127,E128,E129,E13,E130,E131,E132,E134,E135,E136,E137,E138,E139,E14,E140,E141,E142,E143,E144,E146,E147,E148,E149,E15,E150,E151,E152,E153,E154,E155,E156,E157,E158,E159,E16,E160,E161,E162,E163,E164,E166,E167,E168,E169,E17,E170,E171,E172,E173,E175,E176,E177,E178,E179,E18,E180,E181,E182,E183,E184,E185,E186,E188,E189,E19,E190,E191,E192,E193,E194,E195,E196,E197,E198,E2,E20,E200,E201,E202,E203,E204,E205,E206,E207,E21,E210,E211,E212,E213,E214,E215,E22,E220,E221,E222,E223,E224,E23,E24,E25,E26,E27,E28,E29,E3,E30,E31,E32,E33,E34,E35,E36,E37,E38,E39,E4,E40,E41,E42,E43,E44,E45,E46,E47,E48,E49,E5,E50,E51,E52,E53,E54,E55,E56,E57,E58,E59,E6,E60,E61,E62,E63,E64,E65,E66,E68,E69,E7,E70,E71,E72,E74,E75,E76,E77,E78,E79,E8,E80,E81,E83,E84,E85,E86,E87,E88,E89,E9,E90,E93,E94,E95,E96,E97,E98,E99
15-REY-WORD-IMMEDIATE,-0.31340916359324533,-0.0685578961999391,-0.3422340915344709,-0.33830536288692253,-0.36094515481740114,-0.2766479190819808,-0.2682635175743355,-0.2756366213062388,-0.336117822198489,-0.3043179873280666,-0.3090283654650002,-0.0715234306430291,-0.33430460133668427,-0.35065166775683543,-0.26823760133434754,-0.2860373596487649,-0.2661338393070273,-0.33590578763322776,-0.3464185962265356,-0.277662374403511,-0.3439994259257386,-0.14130565862247618,-0.3446563902268143,-0.34245366633312585,-0.269560463948121,-0.26339550645285453,-0.2767696956875374,-0.31483716536446055,-0.3668731511269684,-0.345563177582806,-0.4260994947969522,-0.170070857351928,-0.34594584656320876,-0.25507627086830603,-0.2999267547884269,-0.2842683313810431,-0.3212396435397746,-0.27115748136573414,-0.32738168949576435,-0.4007900175128246,-0.3856513103987579,-0.14925055917813157,-0.40774689328989283,-0.4598714327760762,-0.2996511384262883,-0.234018405892372,-0.24682246639079808,-0.26133787342510584,-0.3122619937893141,-0.3698175868444985,-0.3507822674455721,-0.16431927458547166,-0.38760564536840425,-0.442781339215607,-0.42408730924391635,-0.24568188710511288,-0.23919645218570093,-0.26376322928221513,-0.26936425500484434,-0.33682414113982284,-0.36156832278929935,-0.4132550813686903,-0.0642068990988108,-0.46771204253035625,-0.4502923117151487,-0.2811505019672637,-0.2328721781526822,-0.2804062218467277,-0.29016146721678965,-0.3537102409919988,-0.43770613490674887,-0.4539382742346788,-0.14011502716531654,-0.47328462066018884,-0.25175346898892864,-0.27322541242787773,-0.39862593892750614,-0.3234469245941383,-0.37350714889625414,-0.4587192841998142,-0.44802018144089506,-0.377512635377053,-0.1449801543639366,-0.46032685012250335,-0.41459923575502144,-0.4032527145482269,-0.3209787330286751,-0.265387021333344,-0.3356526795341329,-0.3828612745908164,-0.34163371173836266,-0.3272997241458536,-0.1680930589189767,-0.504438106912011,-0.4295633382884603,-0.4071096182655027,-0.3791072084339298,-0.2525692480311777,-0.27044477259633987,-0.2300179616467813,-0.3715152375673844,-0.3874248982779992,-0.19285013229988518,-0.06916827837515066,-0.44449831668319373,-0.3421232189154717,-0.28962743542870106,-0.22267818342232434,-0.35431599228277716,-0.383631044132099,-0.19215650879768012,-0.20104025693809083,-0.0919552512315659,-0.1885429254166851,-0.25737831529932187,-0.12495967457898276,-0.20773382004851737,-0.2555068319688156,-0.12331218096782302,-0.05487715929665509,-0.24988489805502972,0.013614728367653334,0.14642538535889157,-0.37129687476750606,1.0,-0.11177949311491105,-0.15655944214253129,-0.09141898396023389,-0.004181885909381211,-0.08495410158845206,-0.04545106890360312,-0.1541814840517451,-0.06858372218570977,-0.16359095880208774,-0.10769547778128043,-0.07855105171596115,-0.05397359676284281,-0.08570540810863961,-0.19577642598018838,-0.2869132814985622,-0.18767619616764594,-0.2075460484029475,-0.21826609909227193,-0.21021972145850726,-0.3099519104527899,-0.37940047128891863,-0.3268615859035693,-0.29185887822457823,-0.38215842139369827,-0.2977871853905603,-0.26054950449343667,-0.3539991901711013,-0.42378743956797266,-0.3748493207092146,-0.21169300712804315,-0.3704184188904932,-0.3821312814775375,-0.38341880886568214,-0.459655770941648,-0.42942411806602904,-0.440502669095348,-0.38271584926392993,-0.33687088553804667,-0.35454729177910616,-0.4447163288022409,-0.22405949281638732,-0.46493301537496806,-0.470223281525953,-0.4182046601094237,-0.35329972361600726,-0.3691619576886554,-0.3568338783439058,-0.41003445854267384,-0.35295782030007455,-0.2530008358046006,-0.18805377072577378,-0.3415890258267925,-0.35941319092710944,-0.4242140534968025,-0.4472765314470547,-0.3479330927343663,-0.3962211814324117,-0.2438170619345724,-0.24650107682593236,-0.3834320707318221,-0.09328686650597233,-0.3646797968428217,-0.37457390407955626,-0.3879423051032648,-0.37184249212071674,-0.32517894464118763,-0.3333928779976511,-0.28914741869627814,-0.3045040521685644,-0.33297604362464794,-0.2001873676297554,-0.356162955281224,-0.3658678527712249,-0.3882844917920142,-0.3576267072125302,-0.33610574386215286,-0.32210816597388114,-0.30627786706731874,-0.37710676692150175
ATTENTIVE-MATRICES,-0.25302801976392425,-0.2100701897190682,-0.22157964048538595,-0.13621876795301,-0.13606404783934328,-0.20486979737488795,-0.19310931440884316,-0.15617016327409985,-0.20473059127626228,-0.13457485107011838,-0.10971598809216776,-0.10564954650505902,-0.13440756499113574,-0.19620264919281902,-0.23825819321303807,-0.24222613960882736,-0.14118997114817677,-0.13212838045367137,-0.19219143623564916,-0.19665196338522833,-0.21014004044294743,0.014688714978874322,-0.16338792523197945,-0.07381493339449494,-0.09694203888226845,-0.023313048785515246,-0.15907498594083938,-0.2291542910094619,-0.2600468592132016,-0.21891607000495597,-0.08775859503116935,0.007879140033239867,-0.0712675332594368,-0.172981007972316,-0.1527144378396393,-0.10561735385126741,-0.23621130617049665,-0.16719802334292796,-0.334613676517201,-0.20953578461608077,-0.2267547617759301,0.014507279742776645,-0.02845819082000975,-0.10537851440368676,-0.16309805621299883,-0.25908339833941857,-0.17470347613659926,-0.2363697910855783,-0.24411381941330368,-0.32015781107943486,-0.3203429518031807,0.17889007034597523,-0.2086124674129762,-0.0945289820325431,-0.14016523070942985,-0.21287521577296153,-0.20277256604632934,-0.23002641599739723,-0.24942289082559713,-0.2574730783739891,-0.1827445210830472,-0.27506803828187143,-0.00459148733045612,-0.22185966731109913,-0.16031286948781587,-0.21485114865288565,-0.3026283557872997,-0.3648587364595272,-0.26390850625398016,-0.32139835960850155,-0.1709967828057268,-0.18602680602989943,-0.0630787444403651,-0.22511443005766207,-0.2847865343885159,-0.33811607725287446,-0.28962266058654235,-0.24179727492289949,-0.20297347973091556,-0.045527583807263794,-0.08127045454254184,-0.16119988104894603,-0.018858176988294856,-0.10597394755982897,-0.14714202624164555,-0.19383135253123415,-0.22568766903647977,-0.25161021846938375,-0.26278197191022673,-0.33333025863544186,-0.23183437705093368,-0.24415774904648224,0.03205936373117618,-0.10911831210825818,-0.09746010389111343,-0.13337950532702764,-0.10227986485780056,-0.14233662961586896,-0.24603609144664423,-0.17281420784079424,-0.17285042503050432,-0.16006961568180375,-0.16157296035110427,0.012672702544822131,-0.03832245065413316,-0.11064578426718241,-0.24776210016056918,-0.1389599043081852,-0.141906388764708,-0.046368755734843496,-0.03086765504688922,-0.11946054745486619,-0.03764646902703824,-0.14297172552482695,-0.1844858937171199,-0.20778298677939444,-0.09062568138153014,0.05510902301535945,0.006252151658616075,0.08725673571007535,-0.11416809602551843,0.2351589263451572,0.0391524388723195,0.4589492340028266,1.0,-0.15130289379540635,-0.17732089774964394,-0.030392828821711536,-0.04164440440824378,-0.07085607801684535,0.03586814130967295,-0.19277266803920248,-0.16759526844382075,-0.17588259406368664,-0.12323369871517707,-0.14168265864255586,-0.09964723972522622,-0.048325860486797045,-0.15664425223878195,-0.24715734380270404,-0.20171514784099406,-0.11439626180708741,-0.14474618239512188,-0.11394793665232648,-0.05427751098115239,0.031484517320503405,-0.2026920590061829,-0.1936711225891128,-0.20481730120202,-0.2814662423764744,-0.1017659888424457,-0.19087513437135056,-0.16321893067505988,-0.23099423251752735,-0.04214063364713828,-0.18827224434703374,-0.18573226772903537,-0.15329804102520755,-0.16130473033358855,-0.14804283017681344,-0.18414504999856007,-0.2763904295445698,-0.25412408242742157,-0.19769858171695417,-0.22040958810464642,-0.03755241590855285,-0.25841782989003265,-0.25321425875624387,-0.24969811143379278,-0.28792181215622115,-0.26522675192943046,-0.2283258017887812,-0.11573163242542767,-0.18972154154329374,-0.20373727563726596,0.011148466078616855,-0.2026090747343391,-0.1654475817152638,-0.16111990529346476,-0.2012439372703592,-0.25362489712706876,-0.23266879918586736,-0.2131545800070945,-0.19170757573183483,-0.2287287394760544,0.12075014008342703,-0.22154807199753115,-0.1926219787429333,-0.2455106323420761,-0.2425117393023453,-0.20387970140078335,-0.20635626421493966,-0.23948470546541853,-0.2231007718893456,-0.2573307486591307,-0.03359421520363349,-0.26589414189009014,-0.2393704347528158,-0.21987344262564346,-0.1928854702362233,-0.21196834919086152,-0.2274613830297278,-0.23505689787364625,-0.18995876321374278
DIGIT-SPAN-FORWARD,-0.3008724604050224,-0.34286784377631097,-0.4569952353051838,-0.39035411911591494,-0.34336789633530584,-0.3489267192347048,-0.37422775812153297,-0.39800859247194287,-0.4360458300394981,-0.44615395459370477,-0.4243997068892681,-0.3162402046998424,-0.3804936427515519,-0.29440095209186234,-0.3250128304442771,-0.3080486997282816,-0.3224367040242599,-0.3686430549728512,-0.39877344485268873,-0.39303444124256004,-0.373455164057593,-0.3576078141137532,-0.2767893582262766,-0.29594784827521364,-0.32097795880938257,-0.28594596799124705,-0.3773243097213616,-0.4704622299231837,-0.44189392514241704,-0.3915109099637876,-0.36080517294002973,-0.339768957097296,-0.3421024067861843,-0.3584765268069007,-0.34041585571231775,-0.32613804287703513,-0.3081983521592955,-0.3007017120390971,-0.35247002167059455,-0.46873033416161,-0.5316694502718641,-0.25435683384247654,-0.39668518086663535,-0.33832812279488644,-0.317143135042071,-0.35881821409531234,-0.3501705208409096,-0.3041230662306318,-0.35183617601824635,-0.412807588567232,-0.464124352956516,-0.3352469110644653,-0.5246901749291164,-0.38613380833192873,-0.36260724618196566,-0.2952498075964228,-0.36149895792818854,-0.34262468528611284,-0.3374830372400647,-0.488115726639999,-0.49178054207227595,-0.4741283074988188,-0.24546897505000886,-0.39902894842731407,-0.37022893962552955,-0.29825077084247814,-0.40763152951466247,-0.4033978661647484,-0.4825940364459808,-0.43296632972574095,-0.405041743422809,-0.402630458131466,-0.34217963316829525,-0.37098165065398997,-0.400402454013998,-0.4533244524267677,-0.48232720159077574,-0.5183149581328562,-0.5242270105187061,-0.5099573069751522,-0.4595978011844286,-0.4085037087672484,-0.38783146714745415,-0.40385680397348256,-0.33870196603449265,-0.30293167559452655,-0.24526650582733908,-0.4147931102029906,-0.48635927172981863,-0.5295551489238922,-0.48797033186674027,-0.44421426669503916,-0.49598071866731297,-0.46068481663463184,-0.3677000023612535,-0.36379022635958874,-0.2821850600521092,-0.1947159361133563,-0.3102129822605184,-0.38510394847176915,-0.5148598903849886,-0.32752844888542565,-0.3333961342519565,-0.28871590712633555,-0.3512944870395183,-0.3334031980250954,-0.28486315852726635,-0.18267321956552815,-0.44321873231582865,-0.3788221525880889,-0.24448083016991343,-0.1701164080460746,-0.2821615106592878,-0.10854063777342947,-0.33174085620802785,-0.3996403964496917,-0.3432704591711055,-0.2454512053341211,-0.4219738305843401,-0.2679902442287694,-0.3310525960612554,-0.21809247037038387,-0.18792478385390682,-0.669199611069081,-1.0,-0.14761329620488856,-0.2004819868181082,-0.36265631257333913,-0.2717353778673842,-0.29137395398286225,-0.2509082234029319,-0.11604011198791886,-0.3373125793098323,-0.20963785594720363,-0.3361388778632018,-0.34150289208125156,-0.2981163011850092,-0.28646793126710074,-0.32874418473107986,-0.32789079394319726,-0.3181998158150304,-0.37003561973240123,-0.3159157420639509,-0.42171794560790266,-0.2885296859868186,-0.3705857667131032,-0.316523718260586,-0.4427873223506165,-0.41715681393044,-0.36631417406618416,-0.409953751653301,-0.3324674216244675,-0.33076488365761736,-0.38645776103412965,-0.300368168382444,-0.38925012027451866,-0.4916577789695957,-0.39889809557271466,-0.3906220385782377,-0.433379572966416,-0.45245520242919174,-0.3644620482513683,-0.3874864257217275,-0.43866939069523603,-0.38529628115697934,-0.29875722408710076,-0.34950649715522564,-0.3882263039462161,-0.36353407806286697,-0.35837034675607726,-0.3531279874386354,-0.46972556207060834,-0.42681306434866856,-0.41134533062617273,-0.40240851164333263,-0.26898038349188225,-0.42976006518080884,-0.4299525710524402,-0.40372258583788967,-0.34871469571266106,-0.3515127117845525,-0.4289368736763987,-0.443333141102532,-0.4888653890477464,-0.5066974085826074,-0.29214892399761655,-0.41703486452624644,-0.36788040624190677,-0.31893232221414586,-0.4050296770174972,-0.386211464279381,-0.47373339233986805,-0.5160149207944426,-0.494951276905723,-0.43858075410969266,-0.3307834548081129,-0.39206859270818994,-0.32701067755653596,-0.32083577000971303,-0.33182237711285956,-0.4096808791731335,-0.4519263956150118,-0.4650330965389625,-0.509461982259754
MMSE,-0.07642125290451336,0.0011739927870153147,-0.17552617138514465,-0.08143648257901841,-0.04726935071299926,-0.08758743530546519,-0.0962263444502626,-0.08962816018541853,-0.1300544967283718,-0.08594433923935244,-0.0873833858585573,-0.051783500530289406,-0.15880381378925357,-0.024847810025030465,-0.028592731820948025,0.023487489750253252,-0.01880865328733344,-0.005869507540688181,-0.03816541724111136,-0.06432223167181449,-0.1476980431474575,-0.25391964219229063,-0.10616924581131354,-0.1522492491039721,-0.046064942409334605,-0.010174843351890445,-0.10242073571612707,-0.19394529006072855,-0.08780907763674688,-0.020839924928833024,-0.06371051679203232,-0.14724033783306564,-0.00780514472652748,-0.08556880966068404,-0.08254829499153864,-0.149196773312419,-0.19012854283974884,-0.20984832091643987,-0.23440734601457022,-0.25143037547094543,-0.1412327267643626,0.0472600870641426,-0.011224337811106152,0.01761601776316894,-0.11909819903399342,-0.12975589321768466,-0.18198434925971574,-0.22762672435145442,-0.2724258018858469,-0.24863214765738867,-0.13673685528588864,-0.052141158626668516,-0.0353211487614448,-0.0022164273855951066,-0.028265271730489424,-0.1858312877953064,-0.19819652161066045,-0.2566252825895127,-0.30209294788363894,-0.2563402810392153,-0.1019918427018601,-0.04784647808050056,0.11173070074637256,-0.10194761884463104,-0.09665383503382032,-0.24701817019072428,-0.24578587547851893,-0.27234154835215263,-0.2733189692818391,-0.13758846405138153,-0.06321171923329563,-0.051148792219758606,0.021480597549918354,-0.10493140768528537,-0.338905605862088,-0.33974601338284105,-0.3283557636680263,-0.2501022980041414,-0.20731622324454474,-0.1432636710660078,-0.13562840404302012,-0.15397241133286196,0.011505429379262558,-0.17489229221381447,-0.17958503954874874,-0.20863888699505856,-0.33161732914348546,-0.24737130287018233,-0.18639647784809515,-0.1525017102185904,-0.04775937947492938,-0.03985808570553084,-0.3016095791198341,-0.28373837310086414,-0.2435117010944858,-0.22484998477231277,-0.04378932478617292,-0.07269568081987753,-0.05353634702366431,-0.03165187921226287,-0.2651892128566065,-0.18157235946693137,-0.015376689684212927,-0.025162696287589277,-0.1156912086829031,-0.06710598011951852,0.09057720613106988,0.057754466011162735,-0.16963381962493973,-0.052970626783262545,0.09172331922190312,0.11139800362954118,0.032622855722357465,0.15469798169620808,0.03130857546990544,0.060502295377699696,0.1572442015313203,0.12308702376593567,0.023014697723268657,0.13693649160430443,-0.16658311326560163,0.24218050670642066,0.6755927054801534,0.07546491786056504,-0.8152368644621021,0.17041178107237015,0.13080819410718908,-0.003948089428332463,0.0932924721407422,-0.0098937859475269,0.1423590658765418,0.1780538401173555,-0.024713030424493375,0.1288247675490434,-0.030362960325937032,-0.03417383546397374,-0.07830718651808692,-0.07008359198008507,-0.011393463996550569,-0.12225686395293255,-0.12752019371802145,-0.10176480792208864,-0.08888039295967455,-0.10655039565140058,0.020815066815807935,-0.09826814956874266,-0.036591140397127964,-0.1914059221466479,-0.21476917210843305,-0.2490853661308222,-0.24700638417436302,-0.19621457719261048,-0.18345543132323103,-0.29113360598706595,0.074262336515296,-0.28921204822217,-0.3133338156217997,-0.2958918078438844,-0.2672466996152698,-0.3109384847223098,-0.2887435034985223,-0.22198954901895418,-0.2655513809863902,-0.29227814505298916,-0.24097338220198386,0.06004387317719068,-0.18936797647154005,-0.18258104549795875,-0.2353624829432756,-0.22112343852728417,-0.18059251736083481,-0.24545966476918582,-0.24149861312746324,-0.14395421012814827,-0.22165222018294972,-0.07554949341386726,-0.24922249120667087,-0.2542281539557081,-0.2054517737639453,-0.17832978376258177,0.022674188176210513,-0.11070521456800188,-0.13265990429192578,-0.21444012852047306,-0.30682054662729163,0.024447826086099623,-0.16572490501550027,-0.15143867810219985,-0.05693946851459667,-0.10444268058407527,-0.12485985546324585,-0.16455986459937746,-0.17130308320127108,-0.16052976148888645,-0.13431296151391528,0.0026092265831922632,-0.12290436540525497,-0.06242360356728948,-0.14354979477831153,-0.09816662941506313,-0.1073991706676296,-0.17223049011443015,-0.20461213595590613,-0.1460393212297082
PWB-TOT,-0.17115879943726098,-0.34819252677411516,-0.3361902790142859,-0.32909628645716227,-0.16597253953463753,-0.3283230557504182,-0.40460309305301717,-0.35898114761550504,-0.33781036597297515,-0.3753915288327443,-0.3420092918193057,-0.13663127066039119,-0.27837454073670337,-0.19040017172838353,-0.31836936436984237,-0.3117870893107487,-0.3956765514352695,-0.2946483555205277,-0.3262014845613886,-0.4014192079639068,-0.29569495447180044,-0.09725848850710972,-0.1295644550071231,-0.11432050197509709,-0.25319474278682663,-0.26890741017403924,-0.3276993239616753,-0.35481760320977845,-0.4029954310334007,-0.3821551464328252,-0.22690838992169696,-0.16631290659424164,-0.31688922443705514,-0.3035450091824861,-0.2508866255222003,-0.14523137178879789,-0.1673963962230201,-0.21602898214469837,-0.289695590315,-0.284430018659312,-0.43501924606305176,-0.16949294895297545,-0.32169324347689865,-0.21558995414610643,-0.21572586771733027,-0.34282853184284723,-0.31966444734083355,-0.22143770563640647,-0.264763994688212,-0.30377463029437957,-0.30642719849370215,-0.13309169585475356,-0.30017483927057875,-0.24231613563015028,-0.19684889246870135,-0.2442034117250715,-0.3281941898097213,-0.3327152440594177,-0.24858462093109424,-0.2922459708380259,-0.26114917725226383,-0.21270151647306698,-0.15301392608910813,-0.26942036260305907,-0.2589938855193751,-0.2443686176727754,-0.3075001072115217,-0.21894740970623108,-0.28583241295170714,-0.13208707123486235,-0.2646742705456768,-0.3633662543107988,-0.22982390622124732,-0.3379801011831189,-0.3125591175632585,-0.2635143087115147,-0.3251264463287638,-0.2185471539412991,-0.16060102805262033,-0.1797201420368932,-0.19730530672681024,-0.1609894564885413,-0.24368099868404233,-0.14010638604264894,-0.2269784330438449,-0.2773121664389476,-0.17361782109782675,-0.27416769253356493,-0.2536577097797003,-0.19559030520133808,-0.13060059144286576,-0.21407060588528432,-0.14445643245431178,-0.22445005725159253,-0.1894253399141904,-0.2236763165213247,-0.20714413918537078,-0.08229989649308926,-0.12633113425227313,-0.15515347168095203,-0.26695693038934004,-0.29185880001600145,-0.21246955234323153,-0.06108468336096374,-0.054853729897873786,-0.2369819322027337,-0.09299278295701952,-0.15175943921126375,-0.34906461785027165,-0.20905062574312527,-0.059237558619845566,-0.0696584170995576,-0.20332796076488296,-0.012295375386800892,-0.21078360155415538,-0.17908105057201865,-0.014582168656723411,0.15642291960482857,0.06267603335066546,-0.11670991531114325,0.04689361490137127,0.20227561756169682,0.3604861268098962,-0.9853216234087979,-0.9999999999999999,-0.11386182866495169,-0.16847550991071852,-0.02883926861897716,-0.17591968654117005,-0.20950982951133118,-0.09331653899274303,-0.12207371617637668,-0.09211727804848074,-0.20034960557270723,-0.09501232004237198,-0.19714089927869236,-0.2666642101661838,-0.20454217665433339,-0.15144502553265904,-0.19780747997631445,-0.12734564260377584,-0.1571894609830991,-0.17168538373280898,-0.10454592671725897,-0.18272963896800193,-0.2446182147177677,-0.1393327495061412,-0.20499325611697117,-0.22262333175223545,-0.21846702526504877,-0.16205630141156704,-0.16815338213116923,-0.18229645254718485,-0.15473883090762505,-0.1503779452249479,-0.11710874830963366,-0.15477060212243363,-0.15818916782798761,-0.18376128074311132,-0.2479083821610501,-0.19503860506658394,-0.1705777622878483,-0.16915872108477578,-0.18098464165967196,-0.139677327730492,-0.16798293409096135,-0.09323713033217966,-0.17760980713541427,-0.1971010236836891,-0.19941833709980417,-0.1895633838489532,-0.27726364926795377,-0.30278145442203086,-0.38129810923604157,-0.32839829878020715,-0.16939395650290154,-0.3452224620911572,-0.3645096690655952,-0.37039907618546314,-0.2317939750354001,-0.22182671415549862,-0.20808220543697767,-0.3841285659333266,-0.34939762923363615,-0.3421040346118332,-0.193126115076083,-0.42697795023872537,-0.3453484483579247,-0.22038010546326517,-0.2611777457683288,-0.3081945686856865,-0.3835327373601574,-0.35095667092396454,-0.42759084957304994,-0.41197939482673385,-0.12061985199980339,-0.41954983660940826,-0.17482846451770437,-0.1857007268711036,-0.23052347763568654,-0.3361518130453885,-0.40017377649818675,-0.3799261508541513,-0.364517091465961
PYRAMIDS_PALMS,-0.14605778497786673,-0.16573967872598677,-0.2862538990208343,-0.3343463832429447,-0.32663906365488493,-0.31650684018375486,-0.2987923192444016,-0.2958283889109637,-0.2840586854484066,-0.3147534627704061,-0.3026383054067284,-0.03752722734604798,-0.28889914486440704,-0.32176732585635504,-0.2639618139791838,-0.2412149879016217,-0.22202291770377822,-0.25950884694022097,-0.32473711576183345,-0.3609909700491488,-0.3377622900578664,-0.015389862127045743,-0.19057318776558285,-0.1938493098555811,-0.19913282234857838,-0.16923202011130245,-0.20159031593711638,-0.2175573925896555,-0.23045468480746523,-0.28036634165784646,-0.3390850748913429,-0.24575986901038016,-0.39797594973867445,-0.42562189912506426,-0.3459918632728198,-0.09979857486462156,-0.07341988638359369,-0.025821123146322875,-0.07551142936170203,-0.12208323435838228,-0.21930477244917268,-0.2939464133502997,-0.23821216644749113,-0.281516003286455,-0.34916164843658554,-0.40750233711366146,-0.35349829823688506,-0.10361930887228542,-0.058614290021768434,-0.028591204971448042,0.014928479143811674,-0.4163866998706871,-0.04322332384228797,-0.09603251004645465,-0.1422390717486895,-0.31138628206056773,-0.35714971065637785,-0.3606286071384143,-0.061367709758930036,-0.015945254854436413,0.084065591001329,0.030584562856830692,-0.2995791478449597,-0.03761148919604467,-0.12308517289865831,-0.21358673613321072,-0.2446775527069354,-0.2731862470457851,-0.048471685586177066,0.047697165608746796,0.017838608165540625,-0.11838345281209729,-0.33250030834579297,-0.11199692363237138,-0.2116232967677168,-0.2085133347903278,-0.20288609077578398,-0.1058850503601397,-0.06359706532880685,-0.06648821128132464,-0.08253441072345409,-0.14139351200966047,-0.19101961271794712,-0.1503667717364879,-0.16673846729066458,-0.1043240378341454,-0.17679223690314147,-0.18007914123276147,-0.20179456012227964,-0.29292572588055044,-0.05652189446984378,-0.07621681963652532,-0.23444665116702784,-0.1177189427848393,-0.11780169843036792,-0.17218210688748753,-0.10006122364176978,-0.13009996778437957,-0.07239643993249406,-0.1176872390015334,-0.3222616430559745,-0.2814655912061723,-0.17427458680478541,-0.14627006163483736,-0.09836937592885277,-0.05755798864468648,-0.03299714656055315,-0.10488602686160793,-0.22561938710806087,-0.2331345833748154,-0.16856549969716567,-0.25066542424195304,-0.2265611093847592,-0.013235727800644621,-0.11852819004074454,-0.10756837863536137,-0.10190358275965004,-0.17477442373138433,-0.3776591186562368,-0.24740314951740938,-0.07797035300776381,-0.18279253256956027,0.158732194028394,-0.752384785701137,-0.7523374600217974,-0.2922621965648852,-0.2768756016129586,-0.165094889512686,-0.18378585116476548,-0.2041840215571445,-0.23042994209541756,-0.2566164106891339,-0.12282682918033094,-0.27629565892115404,-0.13424087608669194,-0.17474817128621417,-0.2318747876357684,-0.30027470076728824,-0.3735343510625481,-0.3355262326914554,-0.2392140784602178,-0.2778356967936785,-0.32636844370634477,-0.15816416382080162,-0.2618071358372623,-0.30268950115537774,-0.28498220999691176,-0.43664431004008997,-0.396572680576174,-0.5108420291359762,-0.22590432084452394,-0.26144653915802957,-0.32733944558457956,-0.3342310296291056,-0.25781321847508526,-0.32680935692542085,-0.3413659892957649,-0.3428313370796549,-0.2817603579205147,-0.21523707085636157,-0.2643604687911129,-0.3102570681962096,-0.3333583145551534,-0.2984461679776369,-0.307083833614494,-0.32338475040881226,-0.2670897659315687,-0.2592577941738375,-0.36085471147709364,-0.3410814145560406,-0.4026387480122516,-0.33204165234461414,-0.29049538986022627,-0.3290944223336901,-0.2807846464619181,-0.3761480740772554,-0.3914803035358719,-0.42450049217244307,-0.3628923561008392,-0.41819667345602135,-0.330432221577793,-0.34965352907800384,-0.2331334806347927,-0.205601930614998,-0.1939539077595368,-0.4032841250451651,-0.28927732313435506,-0.3571064779769791,-0.2990085384692748,-0.37447579547116555,-0.3249897291887214,-0.26427259694554756,-0.201480903895853,-0.19111739062852615,-0.2816371972954174,-0.3515883753974717,-0.4129022264664055,-0.267228987337367,-0.2889479937055902,-0.30475109232406156,-0.3137075097340863,-0.2577004374196577,-0.21240013609022984,-0.19115324395642874
RAVEN,0.19290229598209663,0.26455324361820043,0.14741103273038142,0.1811990145118119,0.12436839192744739,0.22423031008250516,0.291369299106266,0.31929002681253704,0.252471811713039,0.20238585714676413,0.1961858045935061,0.15222786171739475,0.11311506136430714,0.0994300011358049,0.25380054650070466,0.3165620512109417,0.30715159878995263,0.248205950067815,0.12797193551690506,0.15498798788192253,0.09557038674917813,0.06124942679311962,0.04463156575503648,0.05470074060416966,0.1425095137621475,0.15583067052175845,0.13640297157305437,0.12226971432944465,0.11664007213944898,0.15134729792463184,0.26876880225252775,0.08212297614829119,0.3089741431493857,0.007754765237403858,0.053087686234077565,0.07394851446403738,0.01764431841704894,0.0856527385705972,0.005107915449031235,0.08800048641396759,0.1784948697790112,0.1682090868530696,0.26639711034151875,0.16058287205403032,0.14709944392545013,-0.03381855051961596,0.05991589807251624,0.08137904697379275,0.1082975782228746,0.10811260637809776,0.0944529171014882,0.1655000665150812,0.12145086805750524,0.14885660714887783,0.20207870267556316,0.17373367809018772,0.040713443936175694,0.08213528708084333,0.09929565328836183,0.11429005368826026,0.13032110538583408,0.12259160418821326,0.22505282594423862,0.13960829743686706,0.20867326938817157,0.20515606473825804,0.049120181962244505,0.11355321897326755,0.11703925503181485,0.05415388520519711,0.20342257784013265,0.1750041447949565,0.17893080569570596,0.1719346297697006,0.13552391638692565,-0.012851914602975079,0.07392540806371561,0.02436910567343422,0.1089463180642189,0.1951189855782525,0.24535743128213708,0.19366088482007546,0.19137512466701845,0.22815769867928995,0.18923506822799296,0.2250128633839543,0.18416769711804998,0.13501206261664495,0.032691690368540804,0.010601512410299755,0.18641979812540885,0.2978267357814918,0.06744285765394212,0.2002083678715807,0.2282843051108103,0.16553080296255207,0.24045119334095097,0.22558161537195998,0.3275639480422438,0.27086425282626453,-0.013651019556784471,0.050503052263259275,0.3082805767206404,0.17767968910034387,0.22252743670352557,0.3502750080413925,0.36231200973575717,0.31362933327537335,0.05716831446043792,0.1476859649645491,0.3638621362277807,0.33145829997504084,0.19283943921775276,0.3747913214421733,0.3384814004929327,0.19340689564974242,0.32188296566038854,0.4265403867067332,0.4056714746787961,0.2677063484982941,0.5520175359716135,0.5971269697772459,0.6239517177451988,0.010977288539147314,-1.0,0.1858580793287339,0.24185347202800606,0.17735975410018195,0.22857035177496587,0.13737261906119516,0.26009041807908906,0.26164668839738675,0.19386313578924755,0.23812203663686374,0.17741462414417652,0.1820040951199163,0.15014894175916452,0.13720258603492672,0.2375060469060211,0.15826971827134242,0.21587703820004361,0.15574651554814076,0.24682555595499273,0.13240331539735944,0.3356861526254523,0.3141481972275577,0.23739319476520357,-0.01791828537824033,0.1579810162010236,0.1734459497669991,0.19724743019331478,0.18533912136544314,0.19053925055377685,0.16228340273410025,0.19841227953552842,0.187976095435673,-0.05724318781228955,0.11885459539224255,0.10814572475782135,0.15856021827339747,0.1936737715639841,0.1755914568347263,0.1739174399555958,0.2694179371382201,0.17729551846265906,0.18294222498681717,0.07307271799713043,0.13956304724795457,0.12166509077127313,0.17162601203873729,0.1713013519534155,0.22683678804676727,0.23239552318603035,0.24819125930564886,0.31704164457866013,0.1446577380159953,0.22910563274959106,0.16487389435903094,0.11429986609164369,0.037021108894302525,0.21991705242148568,0.13428901708485902,0.2755273321123646,0.20242731852437426,0.08492072380345747,0.17543371766747715,0.1700834204344727,0.10805943085148202,0.17851907138888945,0.09133609420830317,0.24135480881704022,0.302995356756271,0.27684657813834895,0.2676037119029006,0.18722125134193385,0.16715615904759792,0.16610575022090227,0.13047656864491702,0.14560325611185504,0.14289558380735204,0.22785891997914476,0.2679343506812766,0.2201085056979909,0.13831287085366373
RET-IMMEDIATE,-0.150465288578684,-0.12105785076086144,-0.20080927003237614,-0.06284651275055815,-0.08492422132830141,-0.09640753898489997,-0.051724452684761356,-0.02922903744938254,-0.14395019086686897,-0.1379902007013643,-0.1162917799400591,-0.14644454132360563,-0.1735769193301969,-0.04842176925572251,-0.02819300961800047,0.018534796260436016,-0.002110759049244492,-0.08417277565663692,-0.14704849082220675,-0.13724296303049452,-0.17788049323694102,-0.16472625065850988,-0.10541343594826244,-0.049490841910339235,0.09883291996065788,0.04191327450896648,-0.11937712303300005,-0.20916128653815505,-0.2595524836951421,-0.18773663886544703,-0.06358434161345532,-0.11643648581848716,0.10444725321394184,-0.14376190667649288,-0.049357833927002416,-0.06482153744274552,-0.1340080330984498,-0.08911967975696398,-0.2340197231511949,-0.24341755204442853,-0.2124245425759424,-0.0023411558306712568,-0.005827702183913087,-0.009896834565639199,0.042603208485869924,-0.17949693075592218,-0.13169363611883916,-0.1493831342539524,-0.1795684355468193,-0.2475343821559438,-0.27092027469441127,0.008805238740001432,-0.15741934811369848,-0.0611584409634545,0.021080622399527526,-0.025498416583693128,-0.19204926220362903,-0.15481126254122202,-0.11704963657301418,-0.20014466502376982,-0.15084789439270346,-0.1621144842123539,0.015167475006822136,-0.14363628924389227,-0.016036531067974712,-0.05448019448294265,-0.24555171738723955,-0.07382728960606985,-0.1669959866194447,-0.13752082727328116,-0.1209989891995401,-0.09860051304435599,-0.07344660523677941,-0.05929093374189346,-0.19707209874819145,-0.22072729229464333,-0.17871893582072798,-0.23298947406475304,-0.165825211012571,-0.062087418048495865,0.0036952852275848273,-0.03078629523741596,-0.13943777574918137,-0.059333011645055625,-0.0687307794821208,-0.007666147329665199,0.045655777185611195,-0.11573926832739707,-0.18943948649729558,-0.17295222094600102,-0.15753132779728443,-0.09794036633436308,-0.20895364466278055,-0.11716067700304304,-0.04497511286256866,-0.0878960396357618,0.02506227647977746,0.15522612811443334,0.07546295816288938,-0.08309836381031958,-0.3140243324902179,-0.2100688536208926,-0.07127805166562885,-0.06508109017425902,0.06401678506354157,0.06412618059963246,0.11676541895578504,0.04448917640077764,-0.27499198023127297,-0.09617693989173957,0.09828606573093418,0.1475377512023868,-0.05331449271915372,0.2970761130396736,0.11098763092329839,-0.017123221135960865,0.24829070700520164,0.3967453976191663,0.2298213081541963,0.07133614134640286,0.21564145473969124,0.5006220004023617,0.491526375957299,0.2396179008980591,-1.0,0.02452375869604131,0.020744371140322994,-0.08184986682357634,-0.09532706763965641,-0.14979463630601578,0.02251731420535408,0.028509761137325645,-0.14129656035535293,-0.009703343476714522,-0.12840176573161402,-0.1730088187018984,-0.18306517916043535,-0.12335723165945936,-0.03251250979207232,-0.09713626872974723,-0.05323807874370054,-0.09745343662318208,-0.00307899095983885,-0.12502722363038682,0.08290839293448198,0.048366286716642774,0.04486592316918343,-0.24862268819607897,-0.07993054440977117,-0.006571059305338716,-0.030335443420863663,-0.027645864189051315,-0.03735597137908066,-0.02682045947089996,-0.012002160758121386,-0.004247773591942694,-0.29240269714849265,-0.05037353526506963,-0.03457689477450274,-0.1267180947084145,-0.06660226654929896,-0.014399472497880829,-0.033312292284060456,0.01801357404105568,-0.07428121792114233,0.026241034305144833,-0.09224096561918484,-0.08081070848120213,-0.059292125250751976,-0.06686966712714397,-0.03206937086899781,-0.120206762659275,-0.07562577621693241,-0.045435682030175346,-0.0023558357399710243,0.04176835941341989,-0.054420491599056785,-0.06581546569685938,-0.1050837402291384,-0.14224680358068745,0.04768721285662475,0.014735100668303185,-0.009381820323736625,-0.1683629081987429,-0.2891787290359306,-0.015741136020124974,-0.08457481426845133,-0.0372122262065301,-0.010925807791259123,-0.03619096357430515,-0.04249227869442743,-0.04832109449193115,-0.07861263252649091,-0.10477354395841385,-0.07137589367010885,-0.05271979077011981,-0.06083569768558365,-0.06296738074603127,-0.002867674560098007,0.017866856515122535,-0.07343031258321395,-0.1004964042900428,-0.22589291509833118,-0.2643766802435753
SET-TOT,-0.1683707559016397,-0.10240532977812525,-0.20893619300720925,-0.18752087843517087,-0.08328574468754703,-0.1398993671779337,-0.164811882606971,-0.10983566841041598,-0.09447444084255192,-0.17175094123949233,-0.15256226160284939,-0.15471532184655928,-0.219506272816617,-0.10806646586477259,-0.1107081331977628,-0.03982101426884994,-0.10577562632105172,-0.05045081494640793,-0.16417861773926057,-0.21842459273271908,-0.18112237353653327,-0.3187792809698287,-0.1292231924348646,-0.08512637245000547,-0.10723172825349947,-0.09281942525292203,-0.1142298159397317,-0.18679412393997577,-0.19835010142568243,-0.1407410217118403,0.019528553309017423,-0.23875608998464348,-0.04219063103501532,-0.16226021408705898,-0.15013254604061774,-0.1626813118887991,-0.20424899681446582,-0.1883842058157716,-0.25186867423256326,-0.17651213516030498,-0.23235182347487746,0.02833060039112873,-0.02947409999537998,-0.005134940427464548,-0.06320006254822558,-0.21885210278924236,-0.21947492625420564,-0.2462170596921046,-0.28146713353630487,-0.2655528340638012,-0.26257585569013914,0.04190694590074825,-0.21719397745259822,-0.09702384889753911,-0.039083450850240176,-0.13950500855719902,-0.23572020119188428,-0.23177182443354186,-0.28086581944408145,-0.30485905847695627,-0.26477429997258184,-0.24946246050043494,0.11500275456244693,-0.15448142397246642,-0.0705504179555769,-0.17858052362167787,-0.3132959387691243,-0.250855886638091,-0.31148268752177544,-0.27948094492967673,-0.20011671804077544,-0.11658696541644732,0.015751743134882097,-0.12310135696096987,-0.3263975891684929,-0.37424412965281345,-0.2088428717682607,-0.2362031422744389,-0.12960744732321844,-0.03030034175790166,-0.07361463639887837,-0.17350615649816442,-0.11226181801015898,-0.036526461864565915,-0.14399455362211896,-0.1583697136346435,-0.1547496714117906,-0.22243642802117566,-0.15154346273260727,-0.10135928619668512,-0.020683523840963686,0.020421798001548596,-0.2474442289437583,-0.13790121823942905,-0.10906972904891052,-0.14313132547153712,-0.0007071952194571846,0.0801558742934368,0.010668854108232846,-0.02977318774451581,-0.2508930643933386,-0.13802769954491007,-0.050118390548114525,-0.062447622273971846,0.11015738395064176,0.07119797593471641,0.08751578031958268,0.13011318223834079,-0.1455602159263007,0.09168719169204337,0.21220551396570705,0.22157084668122407,0.01897863029781536,0.16276100186847342,0.047479672154953335,-0.06518240316778524,0.09387299001371513,0.2837132923971482,0.18550080304974934,0.18275229793788694,0.06144618353124519,0.4423337630761136,0.3645352233655336,0.25018606816639966,0.8152368644621021,0.08546328937310178,0.1038207847168933,-0.0114805103986605,-0.030887601523605868,-0.06482872299340901,0.10139703649359821,0.11166576271799553,-0.17990583247900213,0.08221915381701056,-0.07323057303213124,-0.10649534562290973,-0.07517391146125768,-0.10256226691459208,-0.011064759734035952,-0.048645500882170005,-0.06635977879990762,-0.08382707110391827,-0.004429118367134963,-0.19293157798863755,0.08447994300942972,0.016209534398758052,0.0892829824725119,-0.19262339254584476,-0.08818995152118686,-0.15191569408544978,-0.12853687164682467,-0.08839740145116562,-0.06708609910758986,-0.1239781199638579,-0.029177184518347124,-0.09230628717992163,-0.26221874740168893,-0.1371589658656987,-0.11256620299578207,-0.2167927153526493,-0.17937810375280486,-0.11340694707914066,-0.15101737157729186,-0.18865581970732245,-0.11499431375819283,-0.016082338965367027,-0.09687985687081212,-0.12990822379463707,-0.12865853299899105,-0.1693134538919774,-0.14001713095854482,-0.22552362992824332,-0.24393305002840968,-0.20113444777683173,-0.25630053973914,-0.051357593267501035,-0.20400158780809546,-0.21496524864083058,-0.24663292667894413,-0.18743724974608822,0.002733363982816362,-0.10039763884244189,-0.25713242720898183,-0.30923179160701536,-0.3362621326655588,-0.03332060511387491,-0.2494285953485417,-0.2364589550988592,-0.08498971335417807,-0.1025282067736305,-0.12451481090658693,-0.17334512496672716,-0.23174573936851522,-0.2425684821289406,-0.26578897404243135,0.02767954656363443,-0.19232202713733348,-0.15172981359202622,-0.11173181121961699,-0.06778244197435139,-0.09694183289100011,-0.16943539373722594,-0.18851350521688082,-0.19413279065642067
TROG-T,-0.033987569256251744,0.1291762747588403,-0.21471765282209127,-0.15590612583373675,-0.11510803169524378,-0.058006666849561586,0.007543175682785583,-0.011251174956120933,-0.02547659862170219,-0.08830994901751184,-0.12113607589277368,0.13486120630120563,-0.18867177882905214,-0.1289908109205109,-0.0560051062051258,-0.037618462090750086,-0.009336104544510905,-0.0808240268481197,-0.21517147878649773,-0.18430538052497106,-0.222363658468409,-0.08523980112603463,-0.1895019910898358,-0.18073559001498257,-0.1426139986458726,-0.09979693385590607,-0.1463472777870954,-0.15986198184979775,-0.16271221604463784,-0.14522914140130305,-0.14333384596542703,-0.15348219903229768,-0.12561515490179956,-0.24560124007906117,-0.2634963100777864,-0.20299064522120192,-0.20160878278658903,-0.1336388239900802,-0.2193642573589309,-0.23776868955433197,-0.1331670700033561,0.049210570454176636,-0.22185130681567025,-0.2194139087682397,-0.1639427609361652,-0.18550236959617217,-0.17148236201329964,-0.16869762872641156,-0.19713258340800205,-0.19691923464266808,-0.2948832282095526,-0.06344471087011458,-0.28547911673502857,-0.28597945745283154,-0.1460524895266336,-0.07490281697910198,-0.16565185613120628,-0.17932978386240464,-0.18319172830159333,-0.24063228335547626,-0.3040386143255157,-0.3077295018431425,0.034169070839931176,-0.2040183587091772,-0.1821932646022952,-0.10919838035607646,-0.1669905676952707,-0.12100134861775715,-0.16120952590576745,-0.29335563435666945,-0.208073195033338,-0.17430860883247976,0.025241383316990294,-0.1654300806205894,-0.14143091544603456,-0.18175492621135683,-0.1966499490834484,-0.25097793805740654,-0.21006082359914277,-0.14578248266759702,-0.15276975821821945,-0.19503236140228558,0.012552018306549232,-0.13153563058991882,-0.15307649060725306,-0.14949189662812626,-0.07523463676591038,-0.07890166956608087,-0.14777266072651452,-0.17832125183828051,-0.07683046457833066,-0.08064765028494977,-0.09508584618219736,-0.21365009386131903,-0.16643309916712407,-0.171601017874177,-0.06935252349899071,0.019774735326767438,0.039672488851445586,-0.015160558011827401,-0.28806727816637206,-0.17148092991620809,0.07307914221233233,0.02005213680886794,-0.04338429397511688,0.03207020874294006,0.04506964425373609,0.14772475165710747,-0.1773694896105995,-0.08187487572173202,0.1405125284550275,0.2106902919643417,0.11975990790193017,0.06666260581855336,-0.08726841327912296,-0.02478573545528639,-0.22714938436029575,-0.07062927435398637,-0.08787381556349555,0.06637634724241771,0.06965965737875189,0.4801659902360339,-0.10579967964831213,-0.29122494822883643,,0.06904258438428477,0.10508266140002408,-0.009526311545164794,0.1537390423482925,0.09507145915364545,0.12261847399389504,0.1547401058131176,0.07776701805646499,0.09371934985667688,-0.012993912306891219,0.06396104920179027,0.1783081604326054,0.05004935671871637,0.043131068103621766,-0.047494741577461044,-0.005355005681653422,-0.021802363039143426,0.04928557454458171,-0.027825822395787687,-0.01897718035216396,-0.0840924533408409,0.07656725314253707,-0.13320044299810946,-0.08137535934332052,-0.12413131648844501,-0.09991115596574983,-0.11586728938613024,-0.12340552510899051,-0.12705333739134744,0.05499003108541431,-0.08581510357959071,-0.17801657128093512,-0.18610902630730305,-0.23278383074814354,-0.2507429467308023,-0.20725802945895105,-0.12121498378791268,-0.11180518946350027,-0.06678957050956626,-0.16761276727583177,0.045179089419692675,-0.23068377726545852,-0.22971564428850794,-0.1816547433766675,-0.09581922189750403,-0.1240923943419352,-0.17466074233520384,-0.1998894344852351,-0.14314148862365944,-0.07942055285784831,0.08047597630948788,-0.10591368651047331,-0.1143105686115496,-0.2022149542838486,-0.2177349306625908,-0.05325998931835965,-0.14656833139503084,-0.06975972677462076,-0.05288422582426817,-0.25007232127976353,0.05938943255073473,-0.16309385912529276,-0.15884096565025813,-0.05727470032388615,-0.12686375161902155,-0.09933512354199268,-0.10416476535879804,-0.0488603804197103,-0.19068659577665373,-0.1802068296987357,-0.033208563065124534,-0.12876604523350516,-0.12039393624952831,-0.1003350372674418,-0.06180145457426335,-0.059164036980821705,-0.07098426338943956,-0.05199970745113094,-0.1793991640480059
